'Largest-ever' climate-change march rolls through NYC (climateark),http://news.feedzilla.com/en_us/stories/science/398926819?client_source=api&format=json,"USA Today: More than 300,000 people marched through the streets of New York
City on Sunday in what organizers called the largest climate-change
demonstration in history. With banners, flags, floats and drums, protesters at
the ""People's Climate March"" overwhelmed midtown Manhattan in flocks of vivid
color, demanding action ahead of the United Nations Climate Summit this week.
""I'm totally passionate about our planet and what's happening with our life
here,"" said Heather Snow, 57, a massage therapist from...

"
2015 Corvette Valet Mode Recorder Illegal In Some States,http://rss.slashdot.org/~r/Slashdot/slashdot/~3/cwINIV5gpno/story01.htm,"innocent_white_lamb writes: The 2015 Corvette has a Valet Mode that records audio and video when someone other than the owner is driving the car. Activating the Valet Mode allows you to record front-facing video as well as capture audio from within the car so you can help keep your Corvette safe when it's in the hands of others. Well, it turns out that recording audio from within the car may be considered a felony in some states that require notice and consent to individuals that they are being recorded. Now GM is sending notices out to dealerships and customers alerting them to this fact as well as promising a future update to the PDR system.<p><div class=""share_submission"" style=""position:relative;""> <a class=""slashpop"" href=""http://twitter.com/home?status=2015+Corvette+Valet+Mode+Recorder+Illegal+In+Some+States%3A+http%3A%2F%2Fbit.ly%2F1qCoZTw""><img src=""http://a.fsdn.com/sd/twitter_icon_large.png""></a> <a class=""slashpop"" href=""http://www.facebook.com/sharer.php?u=http%3A%2F%2Ftech.slashdot.org%2Fstory%2F14%2F09%2F26%2F1440217%2F2015-corvette-valet-mode-recorder-illegal-in-some-states%3Futm_source%3Dslashdot%26utm_medium%3Dfacebook""><img src=""http://a.fsdn.com/sd/facebook_icon_large.png""></a> <a class=""nobg"" href=""http://plus.google.com/share?url=http://tech.slashdot.org/story/14/09/26/1440217/2015-corvette-valet-mode-recorder-illegal-in-some-states?utm_source=slashdot&amp;utm_medium=googleplus"" onclick=""javascript:window.open(this.href,'', 'menubar=no,toolbar=no,resizable=yes,scrollbars=yes,height=600,width=600');return false;""><img src=""http://www.gstatic.com/images/icons/gplus-16.png"" alt=""Share on Google+""/></a> </div></p><p><a href=""http://tech.slashdot.org/story/14/09/26/1440217/2015-corvette-valet-mode-recorder-illegal-in-some-states?utm_source=rss1.0moreanon&amp;utm_medium=feed"">Read more of this story</a> at Slashdot.</p><iframe src=""http://slashdot.org/slashdot-it.pl?op=discuss&amp;id=5759653&amp;smallembed=1"" style=""height: 300px; width: 100%; border: none;""></iframe><img width='1' height='1' src='http://slashdot.feedsportal.com/c/35028/f/647410/s/3edc7919/sc/36/mf.gif' border='0'/><br clear='all'/><br/><br/><a href=""http://da.feedsportal.com/r/208965208397/u/0/f/647410/c/35028/s/3edc7919/sc/36/rc/1/rc.htm"" rel=""nofollow""><img src=""http://da.feedsportal.com/r/208965208397/u/0/f/647410/c/35028/s/3edc7919/sc/36/rc/1/rc.img"" border=""0""/></a><br/><a href=""http://da.feedsportal.com/r/208965208397/u/0/f/647410/c/35028/s/3edc7919/sc/36/rc/2/rc.htm"" rel=""nofollow""><img src=""http://da.feedsportal.com/r/208965208397/u/0/f/647410/c/35028/s/3edc7919/sc/36/rc/2/rc.img"" border=""0""/></a><br/><a href=""http://da.feedsportal.com/r/208965208397/u/0/f/647410/c/35028/s/3edc7919/sc/36/rc/3/rc.htm"" rel=""nofollow""><img src=""http://da.feedsportal.com/r/208965208397/u/0/f/647410/c/35028/s/3edc7919/sc/36/rc/3/rc.img"" border=""0""/></a><br/><br/><a href=""http://da.feedsportal.com/r/208965208397/u/0/f/647410/c/35028/s/3edc7919/sc/36/a2.htm""><img src=""http://da.feedsportal.com/r/208965208397/u/0/f/647410/c/35028/s/3edc7919/sc/36/a2.img"" border=""0""/></a><img width=""1"" height=""1"" src=""http://pi.feedsportal.com/r/208965208397/u/0/f/647410/c/35028/s/3edc7919/sc/36/a2t.img"" border=""0""/><img src=""http://feeds.feedburner.com/~r/Slashdot/slashdot/~4/cwINIV5gpno"" height=""1"" width=""1""/>"
7 Amazing Google Science Fair Projects (Scientific American),http://news.feedzilla.com/en_us/stories/science/399011694?client_source=api&format=json,"Tonight, Google will announce the winners of its fourth annual Google Science
Fair, which Scientific American co-sponsors. Watch the awards ceremony here
live.


-- Read more on ScientificAmerican.com

"
Acer Launches First 4K Panel With NVIDIA G-Sync Technology On Board,http://rss.slashdot.org/~r/Slashdot/slashdot/~3/K99xzgixcMk/story01.htm,"MojoKid writes: Save for a smattering of relatively small, 3K and 4K laptop displays, we haven't quite gotten to the same type of pixel density on the PC platform, that is available on today's high-end ultra-mobile devices. That said, the desktop display space has really heated up as of late and 4K panels have generated a large part of the buzz. Acer just launched the first 4K display with NVIDIA G-Sync technology on board. To put it simply, G-SYNC keeps a display and the output from an NVIDIA GPU in sync, regardless of frame rates or whether or not V-Sync is enabled. Instead of the monitor controlling the timing and refreshing at say 60Hz, the timing control is transferred to the GPU. The GPU scans a frame out to the monitor and the monitor doesn't update until a frame is done drawing, in lock-step with the GPU. This method completely eliminates tearing or frame stuttering associated with synchronization anomalies of standard panels. There are still some quirks with Windows and many applications that don't always scale properly on high-DPI displays, but the situation is getting better every day. If you're a gamer in the market for a 4K display, that's primed for gaming, the Acer XB280HK is a decent new option with this technology on board, though it does come at a bit of a premium at $799 versus standard 28-inch panels.<p><div class=""share_submission"" style=""position:relative;""> <a class=""slashpop"" href=""http://twitter.com/home?status=Acer+Launches+First+4K+Panel+With+NVIDIA+G-Sync+Technology+On+Board%3A+http%3A%2F%2Fbit.ly%2FZYpDFP""><img src=""http://a.fsdn.com/sd/twitter_icon_large.png""></a> <a class=""slashpop"" href=""http://www.facebook.com/sharer.php?u=http%3A%2F%2Fhardware.slashdot.org%2Fstory%2F14%2F09%2F26%2F194251%2Facer-launches-first-4k-panel-with-nvidia-g-sync-technology-on-board%3Futm_source%3Dslashdot%26utm_medium%3Dfacebook""><img src=""http://a.fsdn.com/sd/facebook_icon_large.png""></a> <a class=""nobg"" href=""http://plus.google.com/share?url=http://hardware.slashdot.org/story/14/09/26/194251/acer-launches-first-4k-panel-with-nvidia-g-sync-technology-on-board?utm_source=slashdot&amp;utm_medium=googleplus"" onclick=""javascript:window.open(this.href,'', 'menubar=no,toolbar=no,resizable=yes,scrollbars=yes,height=600,width=600');return false;""><img src=""http://www.gstatic.com/images/icons/gplus-16.png"" alt=""Share on Google+""/></a> </div></p><p><a href=""http://hardware.slashdot.org/story/14/09/26/194251/acer-launches-first-4k-panel-with-nvidia-g-sync-technology-on-board?utm_source=rss1.0moreanon&amp;utm_medium=feed"">Read more of this story</a> at Slashdot.</p><iframe src=""http://slashdot.org/slashdot-it.pl?op=discuss&amp;id=5760385&amp;smallembed=1"" style=""height: 300px; width: 100%; border: none;""></iframe><img width='1' height='1' src='http://slashdot.feedsportal.com/c/35028/f/647410/s/3edebeac/sc/28/mf.gif' border='0'/><br clear='all'/><br/><br/><a href=""http://da.feedsportal.com/r/206158230352/u/0/f/647410/c/35028/s/3edebeac/sc/28/rc/1/rc.htm"" rel=""nofollow""><img src=""http://da.feedsportal.com/r/206158230352/u/0/f/647410/c/35028/s/3edebeac/sc/28/rc/1/rc.img"" border=""0""/></a><br/><a href=""http://da.feedsportal.com/r/206158230352/u/0/f/647410/c/35028/s/3edebeac/sc/28/rc/2/rc.htm"" rel=""nofollow""><img src=""http://da.feedsportal.com/r/206158230352/u/0/f/647410/c/35028/s/3edebeac/sc/28/rc/2/rc.img"" border=""0""/></a><br/><a href=""http://da.feedsportal.com/r/206158230352/u/0/f/647410/c/35028/s/3edebeac/sc/28/rc/3/rc.htm"" rel=""nofollow""><img src=""http://da.feedsportal.com/r/206158230352/u/0/f/647410/c/35028/s/3edebeac/sc/28/rc/3/rc.img"" border=""0""/></a><br/><br/><a href=""http://da.feedsportal.com/r/206158230352/u/0/f/647410/c/35028/s/3edebeac/sc/28/a2.htm""><img src=""http://da.feedsportal.com/r/206158230352/u/0/f/647410/c/35028/s/3edebeac/sc/28/a2.img"" border=""0""/></a><img width=""1"" height=""1"" src=""http://pi.feedsportal.com/r/206158230352/u/0/f/647410/c/35028/s/3edebeac/sc/28/a2t.img"" border=""0""/><img src=""http://feeds.feedburner.com/~r/Slashdot/slashdot/~4/K99xzgixcMk"" height=""1"" width=""1""/>"
"Apple Yet To Push Patch For ""Shellshock"" Bug",http://rss.slashdot.org/~r/Slashdot/slashdot/~3/OWVuAcmvOXU/story01.htm,"An anonymous reader writes ""Open source operating systems vulnerable to the Shellshock bug have already pushed two patches to fix the vulnerability, but Apple has yet to issue one for Mac OS X. Ars Technica speculates that licensing issues may be giving Apple pause: ""[T]he current [bash] version is released under the GNU Public License version 3 (GPLv3). Apple has avoided bundling GPLv3-licensed software because of its stricter license terms....Apple executives may feel they have to have their own developers make modifications to the bash code."""" It's also worth noting that there are still flaws with the patches issued so far. Meanwhile, Fedora Magazine has published an easy-to-follow description of how Shellshock actually works. The Free Software Foundation has also issued a statement about Shellshock.<p><div class=""share_submission"" style=""position:relative;""> <a class=""slashpop"" href=""http://twitter.com/home?status=Apple+Yet+To+Push+Patch+For+%22Shellshock%22+Bug%3A+http%3A%2F%2Fbit.ly%2F1DHxsz7""><img src=""http://a.fsdn.com/sd/twitter_icon_large.png""></a> <a class=""slashpop"" href=""http://www.facebook.com/sharer.php?u=http%3A%2F%2Fapple.slashdot.org%2Fstory%2F14%2F09%2F27%2F0222222%2Fapple-yet-to-push-patch-for-shellshock-bug%3Futm_source%3Dslashdot%26utm_medium%3Dfacebook""><img src=""http://a.fsdn.com/sd/facebook_icon_large.png""></a> <a class=""nobg"" href=""http://plus.google.com/share?url=http://apple.slashdot.org/story/14/09/27/0222222/apple-yet-to-push-patch-for-shellshock-bug?utm_source=slashdot&amp;utm_medium=googleplus"" onclick=""javascript:window.open(this.href,'', 'menubar=no,toolbar=no,resizable=yes,scrollbars=yes,height=600,width=600');return false;""><img src=""http://www.gstatic.com/images/icons/gplus-16.png"" alt=""Share on Google+""/></a> </div></p><p><a href=""http://apple.slashdot.org/story/14/09/27/0222222/apple-yet-to-push-patch-for-shellshock-bug?utm_source=rss1.0moreanon&amp;utm_medium=feed"">Read more of this story</a> at Slashdot.</p><iframe src=""http://slashdot.org/slashdot-it.pl?op=discuss&amp;id=5761261&amp;smallembed=1"" style=""height: 300px; width: 100%; border: none;""></iframe><img width='1' height='1' src='http://slashdot.feedsportal.com/c/35028/f/647410/s/3ee29f0c/sc/15/mf.gif' border='0'/><br clear='all'/><br/><br/><a href=""http://da.feedsportal.com/r/208961328405/u/0/f/647410/c/35028/s/3ee29f0c/sc/15/rc/1/rc.htm"" rel=""nofollow""><img src=""http://da.feedsportal.com/r/208961328405/u/0/f/647410/c/35028/s/3ee29f0c/sc/15/rc/1/rc.img"" border=""0""/></a><br/><a href=""http://da.feedsportal.com/r/208961328405/u/0/f/647410/c/35028/s/3ee29f0c/sc/15/rc/2/rc.htm"" rel=""nofollow""><img src=""http://da.feedsportal.com/r/208961328405/u/0/f/647410/c/35028/s/3ee29f0c/sc/15/rc/2/rc.img"" border=""0""/></a><br/><a href=""http://da.feedsportal.com/r/208961328405/u/0/f/647410/c/35028/s/3ee29f0c/sc/15/rc/3/rc.htm"" rel=""nofollow""><img src=""http://da.feedsportal.com/r/208961328405/u/0/f/647410/c/35028/s/3ee29f0c/sc/15/rc/3/rc.img"" border=""0""/></a><br/><br/><a href=""http://da.feedsportal.com/r/208961328405/u/0/f/647410/c/35028/s/3ee29f0c/sc/15/a2.htm""><img src=""http://da.feedsportal.com/r/208961328405/u/0/f/647410/c/35028/s/3ee29f0c/sc/15/a2.img"" border=""0""/></a><img width=""1"" height=""1"" src=""http://pi.feedsportal.com/r/208961328405/u/0/f/647410/c/35028/s/3ee29f0c/sc/15/a2t.img"" border=""0""/><img src=""http://feeds.feedburner.com/~r/Slashdot/slashdot/~4/OWVuAcmvOXU"" height=""1"" width=""1""/>"
Ask Slashdot: Swift Or Objective-C As New iOS Developer's 1st Language?,http://rss.slashdot.org/~r/Slashdot/slashdot/~3/YKdMRlkYg2Y/story01.htm,"macs4all (973270) writes ""I am an experienced C and Assembler Embedded Developer who is contemplating for the first time beginning an iOS App Project. Although I am well-versed in C, I have thus-far avoided C++, C# and Java, and have only briefly dabbled in Obj-C. Now that there are two possibilities for doing iOS Development, which would you suggest that I learn, at least at first? And is Swift even far-enough along to use as the basis for an entire app's development? My goal is the fastest and easiest way to market for this project; not to start a career as a mobile developer. Another thing that might influence the decision: If/when I decide to port my iOS App to Android (and/or Windows Phone), would either of the above be an easier port; or are, for example, Dalvick and the Android APIs different enough from Swift/Obj-C and CocoaTouch that any 'port' is essentially a re-write?""<p><div class=""share_submission"" style=""position:relative;""> <a class=""slashpop"" href=""http://twitter.com/home?status=Ask+Slashdot%3A+Swift+Or+Objective-C+As+New+iOS+Developer's+1st+Language%3F%3A+http%3A%2F%2Fbit.ly%2F1BiE4jm""><img src=""http://a.fsdn.com/sd/twitter_icon_large.png""></a> <a class=""slashpop"" href=""http://www.facebook.com/sharer.php?u=http%3A%2F%2Fask.slashdot.org%2Fstory%2F14%2F09%2F26%2F2247211%2Fask-slashdot-swift-or-objective-c-as-new-ios-developers-1st-language%3Futm_source%3Dslashdot%26utm_medium%3Dfacebook""><img src=""http://a.fsdn.com/sd/facebook_icon_large.png""></a> <a class=""nobg"" href=""http://plus.google.com/share?url=http://ask.slashdot.org/story/14/09/26/2247211/ask-slashdot-swift-or-objective-c-as-new-ios-developers-1st-language?utm_source=slashdot&amp;utm_medium=googleplus"" onclick=""javascript:window.open(this.href,'', 'menubar=no,toolbar=no,resizable=yes,scrollbars=yes,height=600,width=600');return false;""><img src=""http://www.gstatic.com/images/icons/gplus-16.png"" alt=""Share on Google+""/></a> </div></p><p><a href=""http://ask.slashdot.org/story/14/09/26/2247211/ask-slashdot-swift-or-objective-c-as-new-ios-developers-1st-language?utm_source=rss1.0moreanon&amp;utm_medium=feed"">Read more of this story</a> at Slashdot.</p><iframe src=""http://slashdot.org/slashdot-it.pl?op=discuss&amp;id=5760847&amp;smallembed=1"" style=""height: 300px; width: 100%; border: none;""></iframe><img width='1' height='1' src='http://slashdot.feedsportal.com/c/35028/f/647410/s/3edfa1a9/sc/4/mf.gif' border='0'/><br clear='all'/><br/><br/><a href=""http://da.feedsportal.com/r/208961317553/u/0/f/647410/c/35028/s/3edfa1a9/sc/4/rc/1/rc.htm"" rel=""nofollow""><img src=""http://da.feedsportal.com/r/208961317553/u/0/f/647410/c/35028/s/3edfa1a9/sc/4/rc/1/rc.img"" border=""0""/></a><br/><a href=""http://da.feedsportal.com/r/208961317553/u/0/f/647410/c/35028/s/3edfa1a9/sc/4/rc/2/rc.htm"" rel=""nofollow""><img src=""http://da.feedsportal.com/r/208961317553/u/0/f/647410/c/35028/s/3edfa1a9/sc/4/rc/2/rc.img"" border=""0""/></a><br/><a href=""http://da.feedsportal.com/r/208961317553/u/0/f/647410/c/35028/s/3edfa1a9/sc/4/rc/3/rc.htm"" rel=""nofollow""><img src=""http://da.feedsportal.com/r/208961317553/u/0/f/647410/c/35028/s/3edfa1a9/sc/4/rc/3/rc.img"" border=""0""/></a><br/><br/><a href=""http://da.feedsportal.com/r/208961317553/u/0/f/647410/c/35028/s/3edfa1a9/sc/4/a2.htm""><img src=""http://da.feedsportal.com/r/208961317553/u/0/f/647410/c/35028/s/3edfa1a9/sc/4/a2.img"" border=""0""/></a><img width=""1"" height=""1"" src=""http://pi.feedsportal.com/r/208961317553/u/0/f/647410/c/35028/s/3edfa1a9/sc/4/a2t.img"" border=""0""/><img src=""http://feeds.feedburner.com/~r/Slashdot/slashdot/~4/YKdMRlkYg2Y"" height=""1"" width=""1""/>"
Breakthrough In LED Construction Increases Efficiency By 57 Percent,http://rss.slashdot.org/~r/Slashdot/slashdot/~3/9ZUphrql3sQ/story01.htm,"Zothecula writes: With LEDs being the preferred long-lasting, low-energy method for replacing less efficient forms of lighting, their uptake has dramatically increased over the past few years. However, despite their luminous outputs having increased steadily over that time, they still fall behind more conventional forms of lighting in terms of brightness. Researchers at Princeton University claim to have come up with a way to change all that by using nanotechnology to increase the output of organic LEDs by 57 percent.<p><div class=""share_submission"" style=""position:relative;""> <a class=""slashpop"" href=""http://twitter.com/home?status=Breakthrough+In+LED+Construction+Increases+Efficiency+By+57+Percent%3A+http%3A%2F%2Fbit.ly%2F1wNHQAA""><img src=""http://a.fsdn.com/sd/twitter_icon_large.png""></a> <a class=""slashpop"" href=""http://www.facebook.com/sharer.php?u=http%3A%2F%2Ftech.slashdot.org%2Fstory%2F14%2F09%2F26%2F1833234%2Fbreakthrough-in-led-construction-increases-efficiency-by-57-percent%3Futm_source%3Dslashdot%26utm_medium%3Dfacebook""><img src=""http://a.fsdn.com/sd/facebook_icon_large.png""></a> <a class=""nobg"" href=""http://plus.google.com/share?url=http://tech.slashdot.org/story/14/09/26/1833234/breakthrough-in-led-construction-increases-efficiency-by-57-percent?utm_source=slashdot&amp;utm_medium=googleplus"" onclick=""javascript:window.open(this.href,'', 'menubar=no,toolbar=no,resizable=yes,scrollbars=yes,height=600,width=600');return false;""><img src=""http://www.gstatic.com/images/icons/gplus-16.png"" alt=""Share on Google+""/></a> </div></p><p><a href=""http://tech.slashdot.org/story/14/09/26/1833234/breakthrough-in-led-construction-increases-efficiency-by-57-percent?utm_source=rss1.0moreanon&amp;utm_medium=feed"">Read more of this story</a> at Slashdot.</p><iframe src=""http://slashdot.org/slashdot-it.pl?op=discuss&amp;id=5760313&amp;smallembed=1"" style=""height: 300px; width: 100%; border: none;""></iframe><img width='1' height='1' src='http://slashdot.feedsportal.com/c/35028/f/647410/s/3ede6b4c/sc/36/mf.gif' border='0'/><br clear='all'/><br/><br/><a href=""http://da.feedsportal.com/r/208961313608/u/0/f/647410/c/35028/s/3ede6b4c/sc/36/rc/1/rc.htm"" rel=""nofollow""><img src=""http://da.feedsportal.com/r/208961313608/u/0/f/647410/c/35028/s/3ede6b4c/sc/36/rc/1/rc.img"" border=""0""/></a><br/><a href=""http://da.feedsportal.com/r/208961313608/u/0/f/647410/c/35028/s/3ede6b4c/sc/36/rc/2/rc.htm"" rel=""nofollow""><img src=""http://da.feedsportal.com/r/208961313608/u/0/f/647410/c/35028/s/3ede6b4c/sc/36/rc/2/rc.img"" border=""0""/></a><br/><a href=""http://da.feedsportal.com/r/208961313608/u/0/f/647410/c/35028/s/3ede6b4c/sc/36/rc/3/rc.htm"" rel=""nofollow""><img src=""http://da.feedsportal.com/r/208961313608/u/0/f/647410/c/35028/s/3ede6b4c/sc/36/rc/3/rc.img"" border=""0""/></a><br/><br/><a href=""http://da.feedsportal.com/r/208961313608/u/0/f/647410/c/35028/s/3ede6b4c/sc/36/a2.htm""><img src=""http://da.feedsportal.com/r/208961313608/u/0/f/647410/c/35028/s/3ede6b4c/sc/36/a2.img"" border=""0""/></a><img width=""1"" height=""1"" src=""http://pi.feedsportal.com/r/208961313608/u/0/f/647410/c/35028/s/3ede6b4c/sc/36/a2t.img"" border=""0""/><img src=""http://feeds.feedburner.com/~r/Slashdot/slashdot/~4/9ZUphrql3sQ"" height=""1"" width=""1""/>"
Can Marijuana Cause Psychosis? (Scientific American),http://news.feedzilla.com/en_us/stories/science/398820469?client_source=api&format=json,"Cannabis might trigger psychosis in vulnerable individuals, but conflicting
evidence leaves many open questions


-- Read more on ScientificAmerican.com

"
DHL Goes Live With 'Parcelcopter' Drone Delivery Service,http://rss.slashdot.org/~r/Slashdot/slashdot/~3/_6ncStjvxvU/story01.htm,"jones_supa writes: In December, Amazon announced it intends to deliver packages to customers using drones. But its initiative was widely ridiculed for being an over-hyped announcement with little to show for it. This summer, Google demonstrated its own drone-based delivery service, using a fixed-wing aircraft to deliver little packages to farmers in the Australian outback. But now, German delivery firm DHL has beaten the tech firms to the punch, announcing a regular drone delivery service for the first time, nine months after it launched its ""parcelcopter"" research project in December 2013. The service will use an quadcopter to deliver small parcels to the German island of Juist, a sandbar island 12km into the North Sea from the German coast, inhabited by 2,000 people. Deliveries will include medication and other urgently needed goods. Flying below 50 meters to avoid entering regulated air traffic corridors, the drone takes a fully automated route, carrying a special air-transport container that is extremely lightweight as well as weatherproof.<p><div class=""share_submission"" style=""position:relative;""> <a class=""slashpop"" href=""http://twitter.com/home?status=DHL+Goes+Live+With+'Parcelcopter'+Drone+Delivery+Service%3A+http%3A%2F%2Fbit.ly%2F1rk65Hr""><img src=""http://a.fsdn.com/sd/twitter_icon_large.png""></a> <a class=""slashpop"" href=""http://www.facebook.com/sharer.php?u=http%3A%2F%2Ftech.slashdot.org%2Fstory%2F14%2F09%2F26%2F1224202%2Fdhl-goes-live-with-parcelcopter-drone-delivery-service%3Futm_source%3Dslashdot%26utm_medium%3Dfacebook""><img src=""http://a.fsdn.com/sd/facebook_icon_large.png""></a> <a class=""nobg"" href=""http://plus.google.com/share?url=http://tech.slashdot.org/story/14/09/26/1224202/dhl-goes-live-with-parcelcopter-drone-delivery-service?utm_source=slashdot&amp;utm_medium=googleplus"" onclick=""javascript:window.open(this.href,'', 'menubar=no,toolbar=no,resizable=yes,scrollbars=yes,height=600,width=600');return false;""><img src=""http://www.gstatic.com/images/icons/gplus-16.png"" alt=""Share on Google+""/></a> </div></p><p><a href=""http://tech.slashdot.org/story/14/09/26/1224202/dhl-goes-live-with-parcelcopter-drone-delivery-service?utm_source=rss1.0moreanon&amp;utm_medium=feed"">Read more of this story</a> at Slashdot.</p><iframe src=""http://slashdot.org/slashdot-it.pl?op=discuss&amp;id=5759215&amp;smallembed=1"" style=""height: 300px; width: 100%; border: none;""></iframe><img width='1' height='1' src='http://slashdot.feedsportal.com/c/35028/f/647410/s/3edc0605/sc/24/mf.gif' border='0'/><br clear='all'/><br/><br/><a href=""http://da.feedsportal.com/r/206158217827/u/0/f/647410/c/35028/s/3edc0605/sc/24/rc/1/rc.htm"" rel=""nofollow""><img src=""http://da.feedsportal.com/r/206158217827/u/0/f/647410/c/35028/s/3edc0605/sc/24/rc/1/rc.img"" border=""0""/></a><br/><a href=""http://da.feedsportal.com/r/206158217827/u/0/f/647410/c/35028/s/3edc0605/sc/24/rc/2/rc.htm"" rel=""nofollow""><img src=""http://da.feedsportal.com/r/206158217827/u/0/f/647410/c/35028/s/3edc0605/sc/24/rc/2/rc.img"" border=""0""/></a><br/><a href=""http://da.feedsportal.com/r/206158217827/u/0/f/647410/c/35028/s/3edc0605/sc/24/rc/3/rc.htm"" rel=""nofollow""><img src=""http://da.feedsportal.com/r/206158217827/u/0/f/647410/c/35028/s/3edc0605/sc/24/rc/3/rc.img"" border=""0""/></a><br/><br/><a href=""http://da.feedsportal.com/r/206158217827/u/0/f/647410/c/35028/s/3edc0605/sc/24/a2.htm""><img src=""http://da.feedsportal.com/r/206158217827/u/0/f/647410/c/35028/s/3edc0605/sc/24/a2.img"" border=""0""/></a><img width=""1"" height=""1"" src=""http://pi.feedsportal.com/r/206158217827/u/0/f/647410/c/35028/s/3edc0605/sc/24/a2t.img"" border=""0""/><img src=""http://feeds.feedburner.com/~r/Slashdot/slashdot/~4/_6ncStjvxvU"" height=""1"" width=""1""/>"
Does Marijuana Harm the Brain? (Scientific American),http://news.feedzilla.com/en_us/stories/science/399088963?client_source=api&format=json,"

-- Read more on ScientificAmerican.com

"
Ebola Lockdown Workers Find Dozens of Cases (bioethicscom),http://news.feedzilla.com/en_us/stories/science/399005592?client_source=api&format=json,"(CNN) - One hundred thirty new cases of Ebola were identified during a three-
day lockdown in Sierra Leone, Stephen Gaojia, the country's head of emergency
operations, said Monday. Officials are awaiting tests on another 39 potential
cases, he said. During … Read More

"
Expedition 42 ISS Crew Embraces Douglas Adams,http://rss.slashdot.org/~r/Slashdot/slashdot/~3/___7UCLBFkM/story01.htm,"SchrodingerZ writes: In November of this year, the 42nd Expedition to the International Space Station will launch, and the crew has decided to embrace their infamous number. NASA has released an image of the crew mimicking the movie poster for The Hitchhikers Guide to the Galaxy, a film released in 2005, based on a book with the same name by Douglas Adams. Commander Butch Wilmore stands in the center as protagonist Arthur Dent, flight engineer Elena Serova as hitchhiker Ford Prefect, flight engineer Alexander Samokutyayev as antagonist Humma Kavula, astronaut Samantha Cristoforetti as Trillian, and flight engineers Terry Virts and Anton Shkaplerov as two-headed galactic president Zaphod Beeblebrox. The robotic ""Robonaut 2"" also stands in the picture as Marvin the depressed android. Cristoforetti, ecstatic to be part of this mission stated, ""Enjoy, don't panic and always know where your towel is!"" Wilmore, Serova and Samokutyayev blasted off September 25th for Expedition 41, the rest of Expedition 42 will launch November 23rd.<p><div class=""share_submission"" style=""position:relative;""> <a class=""slashpop"" href=""http://twitter.com/home?status=Expedition+42+ISS+Crew+Embraces+Douglas+Adams%3A+http%3A%2F%2Fbit.ly%2F1rl7nSB""><img src=""http://a.fsdn.com/sd/twitter_icon_large.png""></a> <a class=""slashpop"" href=""http://www.facebook.com/sharer.php?u=http%3A%2F%2Fscience.slashdot.org%2Fstory%2F14%2F09%2F27%2F1149226%2Fexpedition-42-iss-crew-embraces-douglas-adams%3Futm_source%3Dslashdot%26utm_medium%3Dfacebook""><img src=""http://a.fsdn.com/sd/facebook_icon_large.png""></a> <a class=""nobg"" href=""http://plus.google.com/share?url=http://science.slashdot.org/story/14/09/27/1149226/expedition-42-iss-crew-embraces-douglas-adams?utm_source=slashdot&amp;utm_medium=googleplus"" onclick=""javascript:window.open(this.href,'', 'menubar=no,toolbar=no,resizable=yes,scrollbars=yes,height=600,width=600');return false;""><img src=""http://www.gstatic.com/images/icons/gplus-16.png"" alt=""Share on Google+""/></a> </div></p><p><a href=""http://science.slashdot.org/story/14/09/27/1149226/expedition-42-iss-crew-embraces-douglas-adams?utm_source=rss1.0moreanon&amp;utm_medium=feed"">Read more of this story</a> at Slashdot.</p><iframe src=""http://slashdot.org/slashdot-it.pl?op=discuss&amp;id=5762923&amp;smallembed=1"" style=""height: 300px; width: 100%; border: none;""></iframe><img width='1' height='1' src='http://slashdot.feedsportal.com/c/35028/f/647410/s/3ee33cef/sc/10/mf.gif' border='0'/><br clear='all'/><br/><br/><a href=""http://da.feedsportal.com/r/208965231317/u/0/f/647410/c/35028/s/3ee33cef/sc/10/rc/1/rc.htm"" rel=""nofollow""><img src=""http://da.feedsportal.com/r/208965231317/u/0/f/647410/c/35028/s/3ee33cef/sc/10/rc/1/rc.img"" border=""0""/></a><br/><a href=""http://da.feedsportal.com/r/208965231317/u/0/f/647410/c/35028/s/3ee33cef/sc/10/rc/2/rc.htm"" rel=""nofollow""><img src=""http://da.feedsportal.com/r/208965231317/u/0/f/647410/c/35028/s/3ee33cef/sc/10/rc/2/rc.img"" border=""0""/></a><br/><a href=""http://da.feedsportal.com/r/208965231317/u/0/f/647410/c/35028/s/3ee33cef/sc/10/rc/3/rc.htm"" rel=""nofollow""><img src=""http://da.feedsportal.com/r/208965231317/u/0/f/647410/c/35028/s/3ee33cef/sc/10/rc/3/rc.img"" border=""0""/></a><br/><br/><a href=""http://da.feedsportal.com/r/208965231317/u/0/f/647410/c/35028/s/3ee33cef/sc/10/a2.htm""><img src=""http://da.feedsportal.com/r/208965231317/u/0/f/647410/c/35028/s/3ee33cef/sc/10/a2.img"" border=""0""/></a><img width=""1"" height=""1"" src=""http://pi.feedsportal.com/r/208965231317/u/0/f/647410/c/35028/s/3ee33cef/sc/10/a2t.img"" border=""0""/><img src=""http://feeds.feedburner.com/~r/Slashdot/slashdot/~4/___7UCLBFkM"" height=""1"" width=""1""/>"
Faith in Science Reduces Concerns about Climate Change (Scientific American),http://news.feedzilla.com/en_us/stories/science/399088961?client_source=api&format=json,"Surprising psychology poses obstacle on warming


-- Read more on ScientificAmerican.com

"
Gravitational Wave Discovery Looks Doubtful in New Analysis (Scientific American),http://news.feedzilla.com/en_us/stories/science/398993634?client_source=api&format=json,"The latest data from the Planck satellite suggest the highly touted finding of
spacetime ripples may have been mistaken


-- Read more on ScientificAmerican.com

"
How 3D Printers Went Mainstream After Decades In Obscurity,http://rss.slashdot.org/~r/Slashdot/slashdot/~3/M5MBTdCF0eU/story01.htm,"An anonymous reader writes: By now, everyone knows the likes of MakerBot, Bre Pettis, and the gun-printing cage rattlers at Defense Distributed. But the tale of 3D-printing goes all the way back to the heady pre-Macintosh days of 1983, and a simple plastic cup holds the distinction of being the first-ever 3D-printed object. Garage entrepreneur Chuck Hull managed to print it using cobbled-together hardware that looked like something out of Waterworld, laying the fragile plastic framework for everything to come. From retrofitted hot glue guns, to a machine made specifically to print on-demand shot glasses, the last 30 years in 3D printing have been full of strange twists, odd characters and melted failures. And the possibilities are just beginning to emerge now that anyone can play.<p><div class=""share_submission"" style=""position:relative;""> <a class=""slashpop"" href=""http://twitter.com/home?status=How+3D+Printers+Went+Mainstream+After+Decades+In+Obscurity%3A+http%3A%2F%2Fbit.ly%2F1t3169r""><img src=""http://a.fsdn.com/sd/twitter_icon_large.png""></a> <a class=""slashpop"" href=""http://www.facebook.com/sharer.php?u=http%3A%2F%2Fbuild.slashdot.org%2Fstory%2F14%2F09%2F26%2F2131208%2Fhow-3d-printers-went-mainstream-after-decades-in-obscurity%3Futm_source%3Dslashdot%26utm_medium%3Dfacebook""><img src=""http://a.fsdn.com/sd/facebook_icon_large.png""></a> <a class=""nobg"" href=""http://plus.google.com/share?url=http://build.slashdot.org/story/14/09/26/2131208/how-3d-printers-went-mainstream-after-decades-in-obscurity?utm_source=slashdot&amp;utm_medium=googleplus"" onclick=""javascript:window.open(this.href,'', 'menubar=no,toolbar=no,resizable=yes,scrollbars=yes,height=600,width=600');return false;""><img src=""http://www.gstatic.com/images/icons/gplus-16.png"" alt=""Share on Google+""/></a> </div></p><p><a href=""http://build.slashdot.org/story/14/09/26/2131208/how-3d-printers-went-mainstream-after-decades-in-obscurity?utm_source=rss1.0moreanon&amp;utm_medium=feed"">Read more of this story</a> at Slashdot.</p><iframe src=""http://slashdot.org/slashdot-it.pl?op=discuss&amp;id=5760707&amp;smallembed=1"" style=""height: 300px; width: 100%; border: none;""></iframe><img width='1' height='1' src='http://slashdot.feedsportal.com/c/35028/f/647410/s/3edf24d7/sc/38/mf.gif' border='0'/><br clear='all'/><br/><br/><a href=""http://da.feedsportal.com/r/208965314889/u/0/f/647410/c/35028/s/3edf24d7/sc/38/rc/1/rc.htm"" rel=""nofollow""><img src=""http://da.feedsportal.com/r/208965314889/u/0/f/647410/c/35028/s/3edf24d7/sc/38/rc/1/rc.img"" border=""0""/></a><br/><a href=""http://da.feedsportal.com/r/208965314889/u/0/f/647410/c/35028/s/3edf24d7/sc/38/rc/2/rc.htm"" rel=""nofollow""><img src=""http://da.feedsportal.com/r/208965314889/u/0/f/647410/c/35028/s/3edf24d7/sc/38/rc/2/rc.img"" border=""0""/></a><br/><a href=""http://da.feedsportal.com/r/208965314889/u/0/f/647410/c/35028/s/3edf24d7/sc/38/rc/3/rc.htm"" rel=""nofollow""><img src=""http://da.feedsportal.com/r/208965314889/u/0/f/647410/c/35028/s/3edf24d7/sc/38/rc/3/rc.img"" border=""0""/></a><br/><br/><a href=""http://da.feedsportal.com/r/208965314889/u/0/f/647410/c/35028/s/3edf24d7/sc/38/a2.htm""><img src=""http://da.feedsportal.com/r/208965314889/u/0/f/647410/c/35028/s/3edf24d7/sc/38/a2.img"" border=""0""/></a><img width=""1"" height=""1"" src=""http://pi.feedsportal.com/r/208965314889/u/0/f/647410/c/35028/s/3edf24d7/sc/38/a2t.img"" border=""0""/><img src=""http://feeds.feedburner.com/~r/Slashdot/slashdot/~4/M5MBTdCF0eU"" height=""1"" width=""1""/>"
How Did the 'Berlin Patient' Rid Himself of HIV?,http://rss.slashdot.org/~r/Slashdot/slashdot/~3/q7qnbgh9yP4/story01.htm,"sciencehabit writes: Researchers are closer to unraveling the mystery of how Timothy Ray Brown, the only human cured of HIV, defeated the virus, according to a new study. Although the work doesn't provide a definitive answer, it rules out one possible explanation. [R]esearchers point to three different factors that could independently or in combination have rid Brown&rsquo;s body of HIV. The first is the process of conditioning, in which doctors destroyed Brown&rsquo;s own immune system with chemotherapy and whole body irradiation to prepare him for his bone marrow transplant. His oncologist, Gero H&#252;tter, who was then with the Free University of Berlin, also took an extra step that he thought might not only cure the leukemia but also help rid Brown&rsquo;s body of HIV. He found a bone marrow donor who had a rare mutation in a gene that cripples a key receptor on white blood cells the virus uses to establish an infection. (For years, researchers referred to Brown as ""the Berlin patient."") The third possibility is his new immune system attacked remnants of his old one that held HIV-infected cells, a process known as graft versus host disease.<p><div class=""share_submission"" style=""position:relative;""> <a class=""slashpop"" href=""http://twitter.com/home?status=How+Did+the+'Berlin+Patient'+Rid+Himself+of+HIV%3F%3A+http%3A%2F%2Fbit.ly%2F1uN16fX""><img src=""http://a.fsdn.com/sd/twitter_icon_large.png""></a> <a class=""slashpop"" href=""http://www.facebook.com/sharer.php?u=http%3A%2F%2Fscience.slashdot.org%2Fstory%2F14%2F09%2F26%2F179214%2Fhow-did-the-berlin-patient-rid-himself-of-hiv%3Futm_source%3Dslashdot%26utm_medium%3Dfacebook""><img src=""http://a.fsdn.com/sd/facebook_icon_large.png""></a> <a class=""nobg"" href=""http://plus.google.com/share?url=http://science.slashdot.org/story/14/09/26/179214/how-did-the-berlin-patient-rid-himself-of-hiv?utm_source=slashdot&amp;utm_medium=googleplus"" onclick=""javascript:window.open(this.href,'', 'menubar=no,toolbar=no,resizable=yes,scrollbars=yes,height=600,width=600');return false;""><img src=""http://www.gstatic.com/images/icons/gplus-16.png"" alt=""Share on Google+""/></a> </div></p><p><a href=""http://science.slashdot.org/story/14/09/26/179214/how-did-the-berlin-patient-rid-himself-of-hiv?utm_source=rss1.0moreanon&amp;utm_medium=feed"">Read more of this story</a> at Slashdot.</p><iframe src=""http://slashdot.org/slashdot-it.pl?op=discuss&amp;id=5760065&amp;smallembed=1"" style=""height: 300px; width: 100%; border: none;""></iframe><img width='1' height='1' src='http://slashdot.feedsportal.com/c/35028/f/647410/s/3eddaf42/sc/14/mf.gif' border='0'/><br clear='all'/><br/><br/><a href=""http://da.feedsportal.com/r/206158226426/u/0/f/647410/c/35028/s/3eddaf42/sc/14/rc/1/rc.htm"" rel=""nofollow""><img src=""http://da.feedsportal.com/r/206158226426/u/0/f/647410/c/35028/s/3eddaf42/sc/14/rc/1/rc.img"" border=""0""/></a><br/><a href=""http://da.feedsportal.com/r/206158226426/u/0/f/647410/c/35028/s/3eddaf42/sc/14/rc/2/rc.htm"" rel=""nofollow""><img src=""http://da.feedsportal.com/r/206158226426/u/0/f/647410/c/35028/s/3eddaf42/sc/14/rc/2/rc.img"" border=""0""/></a><br/><a href=""http://da.feedsportal.com/r/206158226426/u/0/f/647410/c/35028/s/3eddaf42/sc/14/rc/3/rc.htm"" rel=""nofollow""><img src=""http://da.feedsportal.com/r/206158226426/u/0/f/647410/c/35028/s/3eddaf42/sc/14/rc/3/rc.img"" border=""0""/></a><br/><br/><a href=""http://da.feedsportal.com/r/206158226426/u/0/f/647410/c/35028/s/3eddaf42/sc/14/a2.htm""><img src=""http://da.feedsportal.com/r/206158226426/u/0/f/647410/c/35028/s/3eddaf42/sc/14/a2.img"" border=""0""/></a><img width=""1"" height=""1"" src=""http://pi.feedsportal.com/r/206158226426/u/0/f/647410/c/35028/s/3eddaf42/sc/14/a2t.img"" border=""0""/><img src=""http://feeds.feedburner.com/~r/Slashdot/slashdot/~4/q7qnbgh9yP4"" height=""1"" width=""1""/>"
How the NSA Profits Off of Its Surveillance Technology,http://rss.slashdot.org/~r/Slashdot/slashdot/~3/-A0tLt77AE8/story01.htm,"blottsie writes: The National Security Agency has been making money on the side by licensing its technology to private businesses for more than two decades. It's called the Technology Transfer Program, under which the NSA declassifies some of its technologies that it developed for previous operations, patents them, and, if they're swayed by an American company's business plan and nondisclosure agreements, rents them out. The products include tools to transcribe voice recordings in any language, a foolproof method to tell if someone's touched your phone's SIM card, or a version of email encryption that isn't available on the open market.<p><div class=""share_submission"" style=""position:relative;""> <a class=""slashpop"" href=""http://twitter.com/home?status=How+the+NSA+Profits+Off+of+Its+Surveillance+Technology%3A+http%3A%2F%2Fbit.ly%2F1yu6DhQ""><img src=""http://a.fsdn.com/sd/twitter_icon_large.png""></a> <a class=""slashpop"" href=""http://www.facebook.com/sharer.php?u=http%3A%2F%2Fyro.slashdot.org%2Fstory%2F14%2F09%2F26%2F1451223%2Fhow-the-nsa-profits-off-of-its-surveillance-technology%3Futm_source%3Dslashdot%26utm_medium%3Dfacebook""><img src=""http://a.fsdn.com/sd/facebook_icon_large.png""></a> <a class=""nobg"" href=""http://plus.google.com/share?url=http://yro.slashdot.org/story/14/09/26/1451223/how-the-nsa-profits-off-of-its-surveillance-technology?utm_source=slashdot&amp;utm_medium=googleplus"" onclick=""javascript:window.open(this.href,'', 'menubar=no,toolbar=no,resizable=yes,scrollbars=yes,height=600,width=600');return false;""><img src=""http://www.gstatic.com/images/icons/gplus-16.png"" alt=""Share on Google+""/></a> </div></p><p><a href=""http://yro.slashdot.org/story/14/09/26/1451223/how-the-nsa-profits-off-of-its-surveillance-technology?utm_source=rss1.0moreanon&amp;utm_medium=feed"">Read more of this story</a> at Slashdot.</p><iframe src=""http://slashdot.org/slashdot-it.pl?op=discuss&amp;id=5759697&amp;smallembed=1"" style=""height: 300px; width: 100%; border: none;""></iframe><img width='1' height='1' src='http://slashdot.feedsportal.com/c/35028/f/647410/s/3edd3311/sc/36/mf.gif' border='0'/><br clear='all'/><br/><br/><a href=""http://da.feedsportal.com/r/208961309071/u/0/f/647410/c/35028/s/3edd3311/sc/36/rc/1/rc.htm"" rel=""nofollow""><img src=""http://da.feedsportal.com/r/208961309071/u/0/f/647410/c/35028/s/3edd3311/sc/36/rc/1/rc.img"" border=""0""/></a><br/><a href=""http://da.feedsportal.com/r/208961309071/u/0/f/647410/c/35028/s/3edd3311/sc/36/rc/2/rc.htm"" rel=""nofollow""><img src=""http://da.feedsportal.com/r/208961309071/u/0/f/647410/c/35028/s/3edd3311/sc/36/rc/2/rc.img"" border=""0""/></a><br/><a href=""http://da.feedsportal.com/r/208961309071/u/0/f/647410/c/35028/s/3edd3311/sc/36/rc/3/rc.htm"" rel=""nofollow""><img src=""http://da.feedsportal.com/r/208961309071/u/0/f/647410/c/35028/s/3edd3311/sc/36/rc/3/rc.img"" border=""0""/></a><br/><br/><a href=""http://da.feedsportal.com/r/208961309071/u/0/f/647410/c/35028/s/3edd3311/sc/36/a2.htm""><img src=""http://da.feedsportal.com/r/208961309071/u/0/f/647410/c/35028/s/3edd3311/sc/36/a2.img"" border=""0""/></a><img width=""1"" height=""1"" src=""http://pi.feedsportal.com/r/208961309071/u/0/f/647410/c/35028/s/3edd3311/sc/36/a2t.img"" border=""0""/><img src=""http://feeds.feedburner.com/~r/Slashdot/slashdot/~4/-A0tLt77AE8"" height=""1"" width=""1""/>"
Ice in Arctic seas shrinks to 6th-lowest recorded (The Arizona Republic),http://news.feedzilla.com/en_us/stories/science/398978815?client_source=api&format=json,"NEW YORK (AP) -- Ice in Arctic seas shrank this summer to the sixth lowest
level in 36 years of monitoring....

"
Infinite Crisis' Superhero Origins Story,http://rss.slashdot.org/~r/Slashdot/slashdot/~3/4hVlP88O2Io/story01.htm,"An anonymous reader writes A new interview published this week looks at the creation of Infinite Crisis, one of the slew of Dota 2/League of Legends team multiplayer competitors currently under development. What makes this one stand out however is not only its use of DC Comics heroes like Batman and Wonder Woman, but the experience of the studio behind it, Turbine, in massively multiplayer online games and punishing abusive and toxic players, something League of Legends developer Riot has serious struggles with. Turbine was the studio behind the popular Asheron's Call, and is applying many of th same policing techniques it used in RPGs to the growing MOBA genre. Of course, they still have troubles with the inevitable: balancing Superman as a playable character. it's a challenge, Kerr admits, especially when you're having to nerf the Man of Steel as a result. ""Yes, we redid Superman three times, because, and I know this is going to be a surprise, he was super overpowered,"" says Infinite Crisis creative director Cardell Kerr.<p><div class=""share_submission"" style=""position:relative;""> <a class=""slashpop"" href=""http://twitter.com/home?status=Infinite+Crisis'+Superhero+Origins+Story%3A+http%3A%2F%2Fbit.ly%2F1rqOrAo""><img src=""http://a.fsdn.com/sd/twitter_icon_large.png""></a> <a class=""slashpop"" href=""http://www.facebook.com/sharer.php?u=http%3A%2F%2Fgames.slashdot.org%2Fstory%2F14%2F09%2F26%2F2323258%2Finfinite-crisis-superhero-origins-story%3Futm_source%3Dslashdot%26utm_medium%3Dfacebook""><img src=""http://a.fsdn.com/sd/facebook_icon_large.png""></a> <a class=""nobg"" href=""http://plus.google.com/share?url=http://games.slashdot.org/story/14/09/26/2323258/infinite-crisis-superhero-origins-story?utm_source=slashdot&amp;utm_medium=googleplus"" onclick=""javascript:window.open(this.href,'', 'menubar=no,toolbar=no,resizable=yes,scrollbars=yes,height=600,width=600');return false;""><img src=""http://www.gstatic.com/images/icons/gplus-16.png"" alt=""Share on Google+""/></a> </div></p><p><a href=""http://games.slashdot.org/story/14/09/26/2323258/infinite-crisis-superhero-origins-story?utm_source=rss1.0moreanon&amp;utm_medium=feed"">Read more of this story</a> at Slashdot.</p><iframe src=""http://slashdot.org/slashdot-it.pl?op=discuss&amp;id=5760935&amp;smallembed=1"" style=""height: 300px; width: 100%; border: none;""></iframe><img width='1' height='1' src='http://slashdot.feedsportal.com/c/35028/f/647410/s/3edfcdc1/sc/17/mf.gif' border='0'/><br clear='all'/><br/><br/><a href=""http://da.feedsportal.com/r/206158234077/u/0/f/647410/c/35028/s/3edfcdc1/sc/17/rc/1/rc.htm"" rel=""nofollow""><img src=""http://da.feedsportal.com/r/206158234077/u/0/f/647410/c/35028/s/3edfcdc1/sc/17/rc/1/rc.img"" border=""0""/></a><br/><a href=""http://da.feedsportal.com/r/206158234077/u/0/f/647410/c/35028/s/3edfcdc1/sc/17/rc/2/rc.htm"" rel=""nofollow""><img src=""http://da.feedsportal.com/r/206158234077/u/0/f/647410/c/35028/s/3edfcdc1/sc/17/rc/2/rc.img"" border=""0""/></a><br/><a href=""http://da.feedsportal.com/r/206158234077/u/0/f/647410/c/35028/s/3edfcdc1/sc/17/rc/3/rc.htm"" rel=""nofollow""><img src=""http://da.feedsportal.com/r/206158234077/u/0/f/647410/c/35028/s/3edfcdc1/sc/17/rc/3/rc.img"" border=""0""/></a><br/><br/><a href=""http://da.feedsportal.com/r/206158234077/u/0/f/647410/c/35028/s/3edfcdc1/sc/17/a2.htm""><img src=""http://da.feedsportal.com/r/206158234077/u/0/f/647410/c/35028/s/3edfcdc1/sc/17/a2.img"" border=""0""/></a><img width=""1"" height=""1"" src=""http://pi.feedsportal.com/r/206158234077/u/0/f/647410/c/35028/s/3edfcdc1/sc/17/a2t.img"" border=""0""/><img src=""http://feeds.feedburner.com/~r/Slashdot/slashdot/~4/4hVlP88O2Io"" height=""1"" width=""1""/>"
"Japan's Mt. Ontake Erupts, Stranding Hundreds of Hikers",http://rss.slashdot.org/~r/Slashdot/slashdot/~3/2zOZCq4FbZQ/story01.htm,"An anonymous reader writes: Japan's second highest volcano, Mount Ontake, erupted on Saturday, sending thick clouds of ash into the air. More than 250 hikers were in the area, and the ash and rocks left seven unconscious, eight injured, and all of them stranded. In video footage from the mountain, you can see the thick clouds overtaking hikers, blocking out the sun and coating them with ash. There have been no reports of lava flows, but flights in the area were forced to divert their routes. (Another video shows the ash clouds from the sky.)<p><div class=""share_submission"" style=""position:relative;""> <a class=""slashpop"" href=""http://twitter.com/home?status=Japan's+Mt.+Ontake+Erupts%2C+Stranding+Hundreds+of+Hikers%3A+http%3A%2F%2Fbit.ly%2F1rl4qkY""><img src=""http://a.fsdn.com/sd/twitter_icon_large.png""></a> <a class=""slashpop"" href=""http://www.facebook.com/sharer.php?u=http%3A%2F%2Fnews.slashdot.org%2Fstory%2F14%2F09%2F27%2F125244%2Fjapans-mt-ontake-erupts-stranding-hundreds-of-hikers%3Futm_source%3Dslashdot%26utm_medium%3Dfacebook""><img src=""http://a.fsdn.com/sd/facebook_icon_large.png""></a> <a class=""nobg"" href=""http://plus.google.com/share?url=http://news.slashdot.org/story/14/09/27/125244/japans-mt-ontake-erupts-stranding-hundreds-of-hikers?utm_source=slashdot&amp;utm_medium=googleplus"" onclick=""javascript:window.open(this.href,'', 'menubar=no,toolbar=no,resizable=yes,scrollbars=yes,height=600,width=600');return false;""><img src=""http://www.gstatic.com/images/icons/gplus-16.png"" alt=""Share on Google+""/></a> </div></p><p><a href=""http://news.slashdot.org/story/14/09/27/125244/japans-mt-ontake-erupts-stranding-hundreds-of-hikers?utm_source=rss1.0moreanon&amp;utm_medium=feed"">Read more of this story</a> at Slashdot.</p><iframe src=""http://slashdot.org/slashdot-it.pl?op=discuss&amp;id=5762961&amp;smallembed=1"" style=""height: 300px; width: 100%; border: none;""></iframe><img width='1' height='1' src='http://slashdot.feedsportal.com/c/35028/f/647410/s/3ee345f3/sc/3/mf.gif' border='0'/><br clear='all'/><br/><br/><a href=""http://da.feedsportal.com/r/208961329559/u/0/f/647410/c/35028/s/3ee345f3/sc/3/rc/1/rc.htm"" rel=""nofollow""><img src=""http://da.feedsportal.com/r/208961329559/u/0/f/647410/c/35028/s/3ee345f3/sc/3/rc/1/rc.img"" border=""0""/></a><br/><a href=""http://da.feedsportal.com/r/208961329559/u/0/f/647410/c/35028/s/3ee345f3/sc/3/rc/2/rc.htm"" rel=""nofollow""><img src=""http://da.feedsportal.com/r/208961329559/u/0/f/647410/c/35028/s/3ee345f3/sc/3/rc/2/rc.img"" border=""0""/></a><br/><a href=""http://da.feedsportal.com/r/208961329559/u/0/f/647410/c/35028/s/3ee345f3/sc/3/rc/3/rc.htm"" rel=""nofollow""><img src=""http://da.feedsportal.com/r/208961329559/u/0/f/647410/c/35028/s/3ee345f3/sc/3/rc/3/rc.img"" border=""0""/></a><br/><br/><a href=""http://da.feedsportal.com/r/208961329559/u/0/f/647410/c/35028/s/3ee345f3/sc/3/a2.htm""><img src=""http://da.feedsportal.com/r/208961329559/u/0/f/647410/c/35028/s/3ee345f3/sc/3/a2.img"" border=""0""/></a><img width=""1"" height=""1"" src=""http://pi.feedsportal.com/r/208961329559/u/0/f/647410/c/35028/s/3ee345f3/sc/3/a2t.img"" border=""0""/><img src=""http://feeds.feedburner.com/~r/Slashdot/slashdot/~4/2zOZCq4FbZQ"" height=""1"" width=""1""/>"
MESSENGER Completes Second Burn to Maintain Mercury Orbit (Universe Today),http://news.feedzilla.com/en_us/stories/science/398957472?client_source=api&format=json,"A little over a week before NASA's MAVEN spacecraft fired its rockets to
successfully enter orbit around Mars, MESSENGER performed a little burn of its
own – the second of four orbit correction maneuvers (OCMs) that will allow it
to remain in orbit around Mercury until next March. Although it is closing in
on the end […]

"
Marc Merlin's 2014 Burning Man Report For Tech Geeks,http://rss.slashdot.org/~r/Slashdot/slashdot/~3/wADoZVRAY4k/story01.htm,"marcmerlin writes Haven't been to Burning Man, or missed this year's and would like a summary? Marc Merlin has posted a summary of this year with full GPS map, pictures from the air, and everything neatly categorized, with a track of his 127 miles of biking to visit as many camps as possible. Also, if you plan on going, check out the tips at the bottom of the page.<p><div class=""share_submission"" style=""position:relative;""> <a class=""slashpop"" href=""http://twitter.com/home?status=Marc+Merlin's+2014+Burning+Man+Report+For+Tech+Geeks%3A+http%3A%2F%2Fbit.ly%2F1xq5TZy""><img src=""http://a.fsdn.com/sd/twitter_icon_large.png""></a> <a class=""slashpop"" href=""http://www.facebook.com/sharer.php?u=http%3A%2F%2Ftech.slashdot.org%2Fstory%2F14%2F09%2F27%2F0128247%2Fmarc-merlins-2014-burning-man-report-for-tech-geeks%3Futm_source%3Dslashdot%26utm_medium%3Dfacebook""><img src=""http://a.fsdn.com/sd/facebook_icon_large.png""></a> <a class=""nobg"" href=""http://plus.google.com/share?url=http://tech.slashdot.org/story/14/09/27/0128247/marc-merlins-2014-burning-man-report-for-tech-geeks?utm_source=slashdot&amp;utm_medium=googleplus"" onclick=""javascript:window.open(this.href,'', 'menubar=no,toolbar=no,resizable=yes,scrollbars=yes,height=600,width=600');return false;""><img src=""http://www.gstatic.com/images/icons/gplus-16.png"" alt=""Share on Google+""/></a> </div></p><p><a href=""http://tech.slashdot.org/story/14/09/27/0128247/marc-merlins-2014-burning-man-report-for-tech-geeks?utm_source=rss1.0moreanon&amp;utm_medium=feed"">Read more of this story</a> at Slashdot.</p><iframe src=""http://slashdot.org/slashdot-it.pl?op=discuss&amp;id=5761141&amp;smallembed=1"" style=""height: 300px; width: 100%; border: none;""></iframe><img width='1' height='1' src='http://slashdot.feedsportal.com/c/35028/f/647410/s/3ee0ef9c/sc/36/mf.gif' border='0'/><br clear='all'/><br/><br/><a href=""http://da.feedsportal.com/r/208961321944/u/0/f/647410/c/35028/s/3ee0ef9c/sc/36/rc/1/rc.htm"" rel=""nofollow""><img src=""http://da.feedsportal.com/r/208961321944/u/0/f/647410/c/35028/s/3ee0ef9c/sc/36/rc/1/rc.img"" border=""0""/></a><br/><a href=""http://da.feedsportal.com/r/208961321944/u/0/f/647410/c/35028/s/3ee0ef9c/sc/36/rc/2/rc.htm"" rel=""nofollow""><img src=""http://da.feedsportal.com/r/208961321944/u/0/f/647410/c/35028/s/3ee0ef9c/sc/36/rc/2/rc.img"" border=""0""/></a><br/><a href=""http://da.feedsportal.com/r/208961321944/u/0/f/647410/c/35028/s/3ee0ef9c/sc/36/rc/3/rc.htm"" rel=""nofollow""><img src=""http://da.feedsportal.com/r/208961321944/u/0/f/647410/c/35028/s/3ee0ef9c/sc/36/rc/3/rc.img"" border=""0""/></a><br/><br/><a href=""http://da.feedsportal.com/r/208961321944/u/0/f/647410/c/35028/s/3ee0ef9c/sc/36/a2.htm""><img src=""http://da.feedsportal.com/r/208961321944/u/0/f/647410/c/35028/s/3ee0ef9c/sc/36/a2.img"" border=""0""/></a><img width=""1"" height=""1"" src=""http://pi.feedsportal.com/r/208961321944/u/0/f/647410/c/35028/s/3ee0ef9c/sc/36/a2t.img"" border=""0""/><img src=""http://feeds.feedburner.com/~r/Slashdot/slashdot/~4/wADoZVRAY4k"" height=""1"" width=""1""/>"
NASA Expands Commercial Space Program,http://rss.slashdot.org/~r/Slashdot/slashdot/~3/7TxfKzoFZ24/story01.htm,"An anonymous reader writes: Just 10 days after NASA awarded multi-billion-dollar contracts to SpaceX and Boeing for future manned rocket launches, the agency announced today it is expanding its commercial space program to include contracts for delivery missions to the International Space Station. ""Under the Commercial Resupply Services 2 RFP, NASA intends to award contracts with one or more companies for six or more flights per contract. As with current resupply flights, these missions would launch from U.S. spaceports, and the contracted services would include logistical and research cargo delivery and return to and from the space station through fiscal year 2020, with the option to purchase additional launches through 2024.""<p><div class=""share_submission"" style=""position:relative;""> <a class=""slashpop"" href=""http://twitter.com/home?status=NASA+Expands+Commercial+Space+Program%3A+http%3A%2F%2Fbit.ly%2FZY0c78""><img src=""http://a.fsdn.com/sd/twitter_icon_large.png""></a> <a class=""slashpop"" href=""http://www.facebook.com/sharer.php?u=http%3A%2F%2Fscience.slashdot.org%2Fstory%2F14%2F09%2F26%2F1754210%2Fnasa-expands-commercial-space-program%3Futm_source%3Dslashdot%26utm_medium%3Dfacebook""><img src=""http://a.fsdn.com/sd/facebook_icon_large.png""></a> <a class=""nobg"" href=""http://plus.google.com/share?url=http://science.slashdot.org/story/14/09/26/1754210/nasa-expands-commercial-space-program?utm_source=slashdot&amp;utm_medium=googleplus"" onclick=""javascript:window.open(this.href,'', 'menubar=no,toolbar=no,resizable=yes,scrollbars=yes,height=600,width=600');return false;""><img src=""http://www.gstatic.com/images/icons/gplus-16.png"" alt=""Share on Google+""/></a> </div></p><p><a href=""http://science.slashdot.org/story/14/09/26/1754210/nasa-expands-commercial-space-program?utm_source=rss1.0moreanon&amp;utm_medium=feed"">Read more of this story</a> at Slashdot.</p><iframe src=""http://slashdot.org/slashdot-it.pl?op=discuss&amp;id=5760207&amp;smallembed=1"" style=""height: 300px; width: 100%; border: none;""></iframe><img width='1' height='1' src='http://slashdot.feedsportal.com/c/35028/f/647410/s/3ede2f00/sc/8/mf.gif' border='0'/><br clear='all'/><br/><br/><a href=""http://da.feedsportal.com/r/206158227613/u/0/f/647410/c/35028/s/3ede2f00/sc/8/rc/1/rc.htm"" rel=""nofollow""><img src=""http://da.feedsportal.com/r/206158227613/u/0/f/647410/c/35028/s/3ede2f00/sc/8/rc/1/rc.img"" border=""0""/></a><br/><a href=""http://da.feedsportal.com/r/206158227613/u/0/f/647410/c/35028/s/3ede2f00/sc/8/rc/2/rc.htm"" rel=""nofollow""><img src=""http://da.feedsportal.com/r/206158227613/u/0/f/647410/c/35028/s/3ede2f00/sc/8/rc/2/rc.img"" border=""0""/></a><br/><a href=""http://da.feedsportal.com/r/206158227613/u/0/f/647410/c/35028/s/3ede2f00/sc/8/rc/3/rc.htm"" rel=""nofollow""><img src=""http://da.feedsportal.com/r/206158227613/u/0/f/647410/c/35028/s/3ede2f00/sc/8/rc/3/rc.img"" border=""0""/></a><br/><br/><a href=""http://da.feedsportal.com/r/206158227613/u/0/f/647410/c/35028/s/3ede2f00/sc/8/a2.htm""><img src=""http://da.feedsportal.com/r/206158227613/u/0/f/647410/c/35028/s/3ede2f00/sc/8/a2.img"" border=""0""/></a><img width=""1"" height=""1"" src=""http://pi.feedsportal.com/r/206158227613/u/0/f/647410/c/35028/s/3ede2f00/sc/8/a2t.img"" border=""0""/><img src=""http://feeds.feedburner.com/~r/Slashdot/slashdot/~4/7TxfKzoFZ24"" height=""1"" width=""1""/>"
NVIDIA Begins Requiring Signed GPU Firmware Images,http://rss.slashdot.org/~r/Slashdot/slashdot/~3/zMKX8w-G554/story01.htm,"An anonymous reader writes: In a blow to those working on open-source drivers, soft-mods for enhancing graphics cards, and the Chinese knock-offs of graphics cards, NVIDIA has begun signing and validating GPU firmware images. With the latest-generation Maxwell GPUs, not all engine functionality is being exposed unless the hardware detects the firmware image was signed by NVIDIA. This is a setback to the open-source Nouveau Linux graphics driver but they're working towards a solution where NVIDIA can provide signed, closed-source firmware images to the driver project for redistribution. Initially the lack of a signed firmware image will prevent some thermal-related bits from being programmed but with future hardware the list of requirements is expected to rise.<p><div class=""share_submission"" style=""position:relative;""> <a class=""slashpop"" href=""http://twitter.com/home?status=NVIDIA+Begins+Requiring+Signed+GPU+Firmware+Images%3A+http%3A%2F%2Fbit.ly%2F1vf5czR""><img src=""http://a.fsdn.com/sd/twitter_icon_large.png""></a> <a class=""slashpop"" href=""http://www.facebook.com/sharer.php?u=http%3A%2F%2Fhardware.slashdot.org%2Fstory%2F14%2F09%2F27%2F1254219%2Fnvidia-begins-requiring-signed-gpu-firmware-images%3Futm_source%3Dslashdot%26utm_medium%3Dfacebook""><img src=""http://a.fsdn.com/sd/facebook_icon_large.png""></a> <a class=""nobg"" href=""http://plus.google.com/share?url=http://hardware.slashdot.org/story/14/09/27/1254219/nvidia-begins-requiring-signed-gpu-firmware-images?utm_source=slashdot&amp;utm_medium=googleplus"" onclick=""javascript:window.open(this.href,'', 'menubar=no,toolbar=no,resizable=yes,scrollbars=yes,height=600,width=600');return false;""><img src=""http://www.gstatic.com/images/icons/gplus-16.png"" alt=""Share on Google+""/></a> </div></p><p><a href=""http://hardware.slashdot.org/story/14/09/27/1254219/nvidia-begins-requiring-signed-gpu-firmware-images?utm_source=rss1.0moreanon&amp;utm_medium=feed"">Read more of this story</a> at Slashdot.</p><iframe src=""http://slashdot.org/slashdot-it.pl?op=discuss&amp;id=5763075&amp;smallembed=1"" style=""height: 300px; width: 100%; border: none;""></iframe><img width='1' height='1' src='http://slashdot.feedsportal.com/c/35028/f/647410/s/3ee3bfe9/sc/28/mf.gif' border='0'/><br clear='all'/><br/><br/><a href=""http://da.feedsportal.com/r/208965232846/u/0/f/647410/c/35028/s/3ee3bfe9/sc/28/rc/1/rc.htm"" rel=""nofollow""><img src=""http://da.feedsportal.com/r/208965232846/u/0/f/647410/c/35028/s/3ee3bfe9/sc/28/rc/1/rc.img"" border=""0""/></a><br/><a href=""http://da.feedsportal.com/r/208965232846/u/0/f/647410/c/35028/s/3ee3bfe9/sc/28/rc/2/rc.htm"" rel=""nofollow""><img src=""http://da.feedsportal.com/r/208965232846/u/0/f/647410/c/35028/s/3ee3bfe9/sc/28/rc/2/rc.img"" border=""0""/></a><br/><a href=""http://da.feedsportal.com/r/208965232846/u/0/f/647410/c/35028/s/3ee3bfe9/sc/28/rc/3/rc.htm"" rel=""nofollow""><img src=""http://da.feedsportal.com/r/208965232846/u/0/f/647410/c/35028/s/3ee3bfe9/sc/28/rc/3/rc.img"" border=""0""/></a><br/><br/><a href=""http://da.feedsportal.com/r/208965232846/u/0/f/647410/c/35028/s/3ee3bfe9/sc/28/a2.htm""><img src=""http://da.feedsportal.com/r/208965232846/u/0/f/647410/c/35028/s/3ee3bfe9/sc/28/a2.img"" border=""0""/></a><img width=""1"" height=""1"" src=""http://pi.feedsportal.com/r/208965232846/u/0/f/647410/c/35028/s/3ee3bfe9/sc/28/a2t.img"" border=""0""/><img src=""http://feeds.feedburner.com/~r/Slashdot/slashdot/~4/zMKX8w-G554"" height=""1"" width=""1""/>"
"Nearly 2,000 Chicago Flights Canceled After Worker Sets Fire At Radar Center",http://rss.slashdot.org/~r/Slashdot/slashdot/~3/2oa1VVW6jMA/story01.htm,"SpzToid sends this news out of Illinois: Nearly 2,000 flights in Chicago have been canceled so far today as federal aviation officials slowly resume operations at O'Hare and Midway airports following a fire that was deliberately set at an FAA radar center, apparently by a disgruntled worker. The center handles high-altitude traffic across parts of the Midwest. Controllers there direct planes through the airspace and either hand off the air traffic to other facilities handling high-altitude traffic or direct the planes to terminal radar facilities, including one in Elgin, which in turn direct planes to and from airport towers.<p><div class=""share_submission"" style=""position:relative;""> <a class=""slashpop"" href=""http://twitter.com/home?status=Nearly+2%2C000+Chicago+Flights+Canceled+After+Worker+Sets+Fire+At+Radar+Center%3A+http%3A%2F%2Fbit.ly%2F1DEI4P9""><img src=""http://a.fsdn.com/sd/twitter_icon_large.png""></a> <a class=""slashpop"" href=""http://www.facebook.com/sharer.php?u=http%3A%2F%2Ftech.slashdot.org%2Fstory%2F14%2F09%2F26%2F2116208%2Fnearly-2000-chicago-flights-canceled-after-worker-sets-fire-at-radar-center%3Futm_source%3Dslashdot%26utm_medium%3Dfacebook""><img src=""http://a.fsdn.com/sd/facebook_icon_large.png""></a> <a class=""nobg"" href=""http://plus.google.com/share?url=http://tech.slashdot.org/story/14/09/26/2116208/nearly-2000-chicago-flights-canceled-after-worker-sets-fire-at-radar-center?utm_source=slashdot&amp;utm_medium=googleplus"" onclick=""javascript:window.open(this.href,'', 'menubar=no,toolbar=no,resizable=yes,scrollbars=yes,height=600,width=600');return false;""><img src=""http://www.gstatic.com/images/icons/gplus-16.png"" alt=""Share on Google+""/></a> </div></p><p><a href=""http://tech.slashdot.org/story/14/09/26/2116208/nearly-2000-chicago-flights-canceled-after-worker-sets-fire-at-radar-center?utm_source=rss1.0moreanon&amp;utm_medium=feed"">Read more of this story</a> at Slashdot.</p><iframe src=""http://slashdot.org/slashdot-it.pl?op=discuss&amp;id=5760681&amp;smallembed=1"" style=""height: 300px; width: 100%; border: none;""></iframe><img width='1' height='1' src='http://slashdot.feedsportal.com/c/35028/f/647410/s/3edf0e3a/sc/10/mf.gif' border='0'/><br clear='all'/><br/><br/><a href=""http://da.feedsportal.com/r/208961316319/u/0/f/647410/c/35028/s/3edf0e3a/sc/10/rc/1/rc.htm"" rel=""nofollow""><img src=""http://da.feedsportal.com/r/208961316319/u/0/f/647410/c/35028/s/3edf0e3a/sc/10/rc/1/rc.img"" border=""0""/></a><br/><a href=""http://da.feedsportal.com/r/208961316319/u/0/f/647410/c/35028/s/3edf0e3a/sc/10/rc/2/rc.htm"" rel=""nofollow""><img src=""http://da.feedsportal.com/r/208961316319/u/0/f/647410/c/35028/s/3edf0e3a/sc/10/rc/2/rc.img"" border=""0""/></a><br/><a href=""http://da.feedsportal.com/r/208961316319/u/0/f/647410/c/35028/s/3edf0e3a/sc/10/rc/3/rc.htm"" rel=""nofollow""><img src=""http://da.feedsportal.com/r/208961316319/u/0/f/647410/c/35028/s/3edf0e3a/sc/10/rc/3/rc.img"" border=""0""/></a><br/><br/><a href=""http://da.feedsportal.com/r/208961316319/u/0/f/647410/c/35028/s/3edf0e3a/sc/10/a2.htm""><img src=""http://da.feedsportal.com/r/208961316319/u/0/f/647410/c/35028/s/3edf0e3a/sc/10/a2.img"" border=""0""/></a><img width=""1"" height=""1"" src=""http://pi.feedsportal.com/r/208961316319/u/0/f/647410/c/35028/s/3edf0e3a/sc/10/a2t.img"" border=""0""/><img src=""http://feeds.feedburner.com/~r/Slashdot/slashdot/~4/2oa1VVW6jMA"" height=""1"" width=""1""/>"
New Graphene Research Promises Reliable Chip-Level Production,http://rss.slashdot.org/~r/Slashdot/slashdot/~3/-uP9S1BFWD4/story01.htm,"An anonymous reader writes ""A research team from the University of Texas and a German nanotechnology company have published a paper which describes a major milestone for the future of graphene-based computing &ndash; the reliable production of wafer-scale graphene measuring between 100 and 300mm, suitable at last for integration with 'traditional' materials in computing. The research team was able to manufacture 25,000 graphene field-effect transistors from lab-produced graphene film on a polycrystalline copper base. Team research leader Deji Akinwande said: 'Our process is based on the scalable concept of growing graphene on copper-coated silicon substrates...Once we had developed a suitable method for growing high-quality graphene with negligible numbers of defects in small sample sizes, it was relatively straightforward for us to scale up.'""(Original, paywalled paper is at ACS Nano.)<p><div class=""share_submission"" style=""position:relative;""> <a class=""slashpop"" href=""http://twitter.com/home?status=New+Graphene+Research+Promises+Reliable+Chip-Level+Production%3A+http%3A%2F%2Fbit.ly%2F1rpTakS""><img src=""http://a.fsdn.com/sd/twitter_icon_large.png""></a> <a class=""slashpop"" href=""http://www.facebook.com/sharer.php?u=http%3A%2F%2Ftech.slashdot.org%2Fstory%2F14%2F09%2F26%2F2346217%2Fnew-graphene-research-promises-reliable-chip-level-production%3Futm_source%3Dslashdot%26utm_medium%3Dfacebook""><img src=""http://a.fsdn.com/sd/facebook_icon_large.png""></a> <a class=""nobg"" href=""http://plus.google.com/share?url=http://tech.slashdot.org/story/14/09/26/2346217/new-graphene-research-promises-reliable-chip-level-production?utm_source=slashdot&amp;utm_medium=googleplus"" onclick=""javascript:window.open(this.href,'', 'menubar=no,toolbar=no,resizable=yes,scrollbars=yes,height=600,width=600');return false;""><img src=""http://www.gstatic.com/images/icons/gplus-16.png"" alt=""Share on Google+""/></a> </div></p><p><a href=""http://tech.slashdot.org/story/14/09/26/2346217/new-graphene-research-promises-reliable-chip-level-production?utm_source=rss1.0moreanon&amp;utm_medium=feed"">Read more of this story</a> at Slashdot.</p><iframe src=""http://slashdot.org/slashdot-it.pl?op=discuss&amp;id=5760989&amp;smallembed=1"" style=""height: 300px; width: 100%; border: none;""></iframe><img width='1' height='1' src='http://slashdot.feedsportal.com/c/35028/f/647410/s/3ee03025/sc/4/mf.gif' border='0'/><br clear='all'/><br/><br/><a href=""http://da.feedsportal.com/r/208965220668/u/0/f/647410/c/35028/s/3ee03025/sc/4/rc/1/rc.htm"" rel=""nofollow""><img src=""http://da.feedsportal.com/r/208965220668/u/0/f/647410/c/35028/s/3ee03025/sc/4/rc/1/rc.img"" border=""0""/></a><br/><a href=""http://da.feedsportal.com/r/208965220668/u/0/f/647410/c/35028/s/3ee03025/sc/4/rc/2/rc.htm"" rel=""nofollow""><img src=""http://da.feedsportal.com/r/208965220668/u/0/f/647410/c/35028/s/3ee03025/sc/4/rc/2/rc.img"" border=""0""/></a><br/><a href=""http://da.feedsportal.com/r/208965220668/u/0/f/647410/c/35028/s/3ee03025/sc/4/rc/3/rc.htm"" rel=""nofollow""><img src=""http://da.feedsportal.com/r/208965220668/u/0/f/647410/c/35028/s/3ee03025/sc/4/rc/3/rc.img"" border=""0""/></a><br/><br/><a href=""http://da.feedsportal.com/r/208965220668/u/0/f/647410/c/35028/s/3ee03025/sc/4/a2.htm""><img src=""http://da.feedsportal.com/r/208965220668/u/0/f/647410/c/35028/s/3ee03025/sc/4/a2.img"" border=""0""/></a><img width=""1"" height=""1"" src=""http://pi.feedsportal.com/r/208965220668/u/0/f/647410/c/35028/s/3ee03025/sc/4/a2t.img"" border=""0""/><img src=""http://feeds.feedburner.com/~r/Slashdot/slashdot/~4/-uP9S1BFWD4"" height=""1"" width=""1""/>"
New rules for anticancer vaccines (Eurekalert),http://news.feedzilla.com/en_us/stories/science/398930027?client_source=api&format=json,"Scientists have found a way to find the proverbial needle in the cancer
antigen haystack. The results have the potential to completely change current
approaches to generating anticancer vaccines.

"
OpenMandriva Lx 2014.1 Released,http://rss.slashdot.org/~r/Slashdot/slashdot/~3/y1Lf96F7l04/story01.htm,"jrepin writes OpenMandriva is proud to announce the release of OpenMandriva Lx 2014.1 distribution of the GNU/Linux operating system. Most of developers efforts were focused on reducing system boot up time and memory usage. This version brings Linux kernel 3.15.10 (with special patches for desktop system performance, responsiveness, and realtime capabilities), KDE Software Compilation 4.13.3, Xorg 1.15.1, Mesa 10.2.6, LibreOffice 4.3.1, Firefox 32, GNU bash with latest security fixes, and many other updated software packages.<p><div class=""share_submission"" style=""position:relative;""> <a class=""slashpop"" href=""http://twitter.com/home?status=OpenMandriva+Lx+2014.1+Released%3A+http%3A%2F%2Fbit.ly%2F1CubtKl""><img src=""http://a.fsdn.com/sd/twitter_icon_large.png""></a> <a class=""slashpop"" href=""http://www.facebook.com/sharer.php?u=http%3A%2F%2Flinux.slashdot.org%2Fstory%2F14%2F09%2F27%2F004202%2Fopenmandriva-lx-20141-released%3Futm_source%3Dslashdot%26utm_medium%3Dfacebook""><img src=""http://a.fsdn.com/sd/facebook_icon_large.png""></a> <a class=""nobg"" href=""http://plus.google.com/share?url=http://linux.slashdot.org/story/14/09/27/004202/openmandriva-lx-20141-released?utm_source=slashdot&amp;utm_medium=googleplus"" onclick=""javascript:window.open(this.href,'', 'menubar=no,toolbar=no,resizable=yes,scrollbars=yes,height=600,width=600');return false;""><img src=""http://www.gstatic.com/images/icons/gplus-16.png"" alt=""Share on Google+""/></a> </div></p><p><a href=""http://linux.slashdot.org/story/14/09/27/004202/openmandriva-lx-20141-released?utm_source=rss1.0moreanon&amp;utm_medium=feed"">Read more of this story</a> at Slashdot.</p><iframe src=""http://slashdot.org/slashdot-it.pl?op=discuss&amp;id=5761015&amp;smallembed=1"" style=""height: 300px; width: 100%; border: none;""></iframe><img width='1' height='1' src='http://slashdot.feedsportal.com/c/35028/f/647410/s/3ee02643/sc/4/mf.gif' border='0'/><br clear='all'/><br/><br/><a href=""http://da.feedsportal.com/r/208965219654/u/0/f/647410/c/35028/s/3ee02643/sc/4/rc/1/rc.htm"" rel=""nofollow""><img src=""http://da.feedsportal.com/r/208965219654/u/0/f/647410/c/35028/s/3ee02643/sc/4/rc/1/rc.img"" border=""0""/></a><br/><a href=""http://da.feedsportal.com/r/208965219654/u/0/f/647410/c/35028/s/3ee02643/sc/4/rc/2/rc.htm"" rel=""nofollow""><img src=""http://da.feedsportal.com/r/208965219654/u/0/f/647410/c/35028/s/3ee02643/sc/4/rc/2/rc.img"" border=""0""/></a><br/><a href=""http://da.feedsportal.com/r/208965219654/u/0/f/647410/c/35028/s/3ee02643/sc/4/rc/3/rc.htm"" rel=""nofollow""><img src=""http://da.feedsportal.com/r/208965219654/u/0/f/647410/c/35028/s/3ee02643/sc/4/rc/3/rc.img"" border=""0""/></a><br/><br/><a href=""http://da.feedsportal.com/r/208965219654/u/0/f/647410/c/35028/s/3ee02643/sc/4/a2.htm""><img src=""http://da.feedsportal.com/r/208965219654/u/0/f/647410/c/35028/s/3ee02643/sc/4/a2.img"" border=""0""/></a><img width=""1"" height=""1"" src=""http://pi.feedsportal.com/r/208965219654/u/0/f/647410/c/35028/s/3ee02643/sc/4/a2t.img"" border=""0""/><img src=""http://feeds.feedburner.com/~r/Slashdot/slashdot/~4/y1Lf96F7l04"" height=""1"" width=""1""/>"
Physicists have quantum teleported a particle of light across 25 kilometres (Science Alert),http://news.feedzilla.com/en_us/stories/science/398873448?client_source=api&format=json,"Scientists have successfully teleported the quantum state of a photon to a
crystal over 25 kilometres of optical fibre, showing that information can be
teleported from light into matter.

"
PostgreSQL Outperforms MongoDB In New Round of Tests,http://rss.slashdot.org/~r/Slashdot/slashdot/~3/9ADd65Ng6TE/story01.htm,"New submitter RaDag writes: PostgreSQL outperformed MongoDB, the leading document database and NoSQL-only solution provider, on larger workloads than initial performance benchmarks. Performance benchmarks conducted by EnterpriseDB, which released the framework for public scrutiny on GitHub, showed PostgreSQL outperformed MongoDB in selecting, loading and inserting complex document data in key workloads involving 50 million records. This gives developers the freedom to combine structured and unstructured data in a single database with ACID compliance and relational capabilities.<p><div class=""share_submission"" style=""position:relative;""> <a class=""slashpop"" href=""http://twitter.com/home?status=PostgreSQL+Outperforms+MongoDB+In+New+Round+of+Tests%3A+http%3A%2F%2Fbit.ly%2F1rk85Q3""><img src=""http://a.fsdn.com/sd/twitter_icon_large.png""></a> <a class=""slashpop"" href=""http://www.facebook.com/sharer.php?u=http%3A%2F%2Fdevelopers.slashdot.org%2Fstory%2F14%2F09%2F26%2F1330228%2Fpostgresql-outperforms-mongodb-in-new-round-of-tests%3Futm_source%3Dslashdot%26utm_medium%3Dfacebook""><img src=""http://a.fsdn.com/sd/facebook_icon_large.png""></a> <a class=""nobg"" href=""http://plus.google.com/share?url=http://developers.slashdot.org/story/14/09/26/1330228/postgresql-outperforms-mongodb-in-new-round-of-tests?utm_source=slashdot&amp;utm_medium=googleplus"" onclick=""javascript:window.open(this.href,'', 'menubar=no,toolbar=no,resizable=yes,scrollbars=yes,height=600,width=600');return false;""><img src=""http://www.gstatic.com/images/icons/gplus-16.png"" alt=""Share on Google+""/></a> </div></p><p><a href=""http://developers.slashdot.org/story/14/09/26/1330228/postgresql-outperforms-mongodb-in-new-round-of-tests?utm_source=rss1.0moreanon&amp;utm_medium=feed"">Read more of this story</a> at Slashdot.</p><iframe src=""http://slashdot.org/slashdot-it.pl?op=discuss&amp;id=5759447&amp;smallembed=1"" style=""height: 300px; width: 100%; border: none;""></iframe><img width='1' height='1' src='http://slashdot.feedsportal.com/c/35028/f/647410/s/3edcad09/sc/4/mf.gif' border='0'/><br clear='all'/><br/><br/><a href=""http://da.feedsportal.com/r/208961307049/u/0/f/647410/c/35028/s/3edcad09/sc/4/rc/1/rc.htm"" rel=""nofollow""><img src=""http://da.feedsportal.com/r/208961307049/u/0/f/647410/c/35028/s/3edcad09/sc/4/rc/1/rc.img"" border=""0""/></a><br/><a href=""http://da.feedsportal.com/r/208961307049/u/0/f/647410/c/35028/s/3edcad09/sc/4/rc/2/rc.htm"" rel=""nofollow""><img src=""http://da.feedsportal.com/r/208961307049/u/0/f/647410/c/35028/s/3edcad09/sc/4/rc/2/rc.img"" border=""0""/></a><br/><a href=""http://da.feedsportal.com/r/208961307049/u/0/f/647410/c/35028/s/3edcad09/sc/4/rc/3/rc.htm"" rel=""nofollow""><img src=""http://da.feedsportal.com/r/208961307049/u/0/f/647410/c/35028/s/3edcad09/sc/4/rc/3/rc.img"" border=""0""/></a><br/><br/><a href=""http://da.feedsportal.com/r/208961307049/u/0/f/647410/c/35028/s/3edcad09/sc/4/a2.htm""><img src=""http://da.feedsportal.com/r/208961307049/u/0/f/647410/c/35028/s/3edcad09/sc/4/a2.img"" border=""0""/></a><img width=""1"" height=""1"" src=""http://pi.feedsportal.com/r/208961307049/u/0/f/647410/c/35028/s/3edcad09/sc/4/a2t.img"" border=""0""/><img src=""http://feeds.feedburner.com/~r/Slashdot/slashdot/~4/9ADd65Ng6TE"" height=""1"" width=""1""/>"
"Process, method, and system for removing heavy metals from oily solids (Fresh Patents)",http://news.feedzilla.com/en_us/stories/science/398993189?client_source=api&format=json,"Oil is recovered from a mercury containing oily solids by mixing the solids
with at least a treating agent selected from selected from flocculants,
sulfidic compounds, demulsifiers, and combinations thereof, and optionally a
solvent, forming a mixture. The mixture is then separated to recover a first
phase containing treated oil...

"
Pushing The Limits Of Chemical Bonding (pubs.acs),http://news.feedzilla.com/en_us/stories/science/398842626?client_source=api&format=json,"Conference highlights how computational and experimental chemists are applying
bonding models to more complex systems

"
"Rockefellers, Heirs to an Oil Fortune, Will Divest Charity of Fossil Fuels (NY Times)",http://news.feedzilla.com/en_us/stories/science/398961812?client_source=api&format=json,"The family whose legendary wealth flowed from Standard Oil is planning to rid
its $860 million Rockefeller Brothers Fund of investments in companies trading
in nonrenewable energy.







"
"Sci-fi Predictions, True and False (Video 2)",http://rss.slashdot.org/~r/Slashdot/slashdot/~3/BBHhJL1LC4c/story01.htm,"You might want to go back to Video 1 before watching this one (or reading the transcript). This video is the second part of our recording of a panel discussion at the recent science fiction convention in Detroit. Panelists include writer and forensic science expert Jen Haeger; professor and generally fascinating guy Brian Gray; and expert in Aeronautical Management and 20-year veteran of the Air Force Douglas Johnson. In this video, they continue running down a list of science fiction predictions, both successful and unsuccessful, and evaluating how realistic or far-fetched each now seems. (Alternate Video Link)<p><div class=""share_submission"" style=""position:relative;""> <a class=""slashpop"" href=""http://twitter.com/home?status=Sci-fi+Predictions%2C+True+and+False+(Video+2)%3A+http%3A%2F%2Fbit.ly%2F1uNz2sV""><img src=""http://a.fsdn.com/sd/twitter_icon_large.png""></a> <a class=""slashpop"" href=""http://www.facebook.com/sharer.php?u=http%3A%2F%2Fentertainment.slashdot.org%2Fstory%2F14%2F09%2F26%2F1912258%2Fsci-fi-predictions-true-and-false-video-2%3Futm_source%3Dslashdot%26utm_medium%3Dfacebook""><img src=""http://a.fsdn.com/sd/facebook_icon_large.png""></a> <a class=""nobg"" href=""http://plus.google.com/share?url=http://entertainment.slashdot.org/story/14/09/26/1912258/sci-fi-predictions-true-and-false-video-2?utm_source=slashdot&amp;utm_medium=googleplus"" onclick=""javascript:window.open(this.href,'', 'menubar=no,toolbar=no,resizable=yes,scrollbars=yes,height=600,width=600');return false;""><img src=""http://www.gstatic.com/images/icons/gplus-16.png"" alt=""Share on Google+""/></a> </div></p><p><a href=""http://entertainment.slashdot.org/story/14/09/26/1912258/sci-fi-predictions-true-and-false-video-2?utm_source=rss1.0moreanon&amp;utm_medium=feed"">Read more of this story</a> at Slashdot.</p><iframe src=""http://slashdot.org/slashdot-it.pl?op=discuss&amp;id=5760417&amp;smallembed=1"" style=""height: 300px; width: 100%; border: none;""></iframe><img width='1' height='1' src='http://slashdot.feedsportal.com/c/35028/f/647410/s/3edf6341/sc/38/mf.gif' border='0'/><br clear='all'/><br/><br/><a href=""http://da.feedsportal.com/r/206158231238/u/0/f/647410/c/35028/s/3edf6341/sc/38/rc/1/rc.htm"" rel=""nofollow""><img src=""http://da.feedsportal.com/r/206158231238/u/0/f/647410/c/35028/s/3edf6341/sc/38/rc/1/rc.img"" border=""0""/></a><br/><a href=""http://da.feedsportal.com/r/206158231238/u/0/f/647410/c/35028/s/3edf6341/sc/38/rc/2/rc.htm"" rel=""nofollow""><img src=""http://da.feedsportal.com/r/206158231238/u/0/f/647410/c/35028/s/3edf6341/sc/38/rc/2/rc.img"" border=""0""/></a><br/><a href=""http://da.feedsportal.com/r/206158231238/u/0/f/647410/c/35028/s/3edf6341/sc/38/rc/3/rc.htm"" rel=""nofollow""><img src=""http://da.feedsportal.com/r/206158231238/u/0/f/647410/c/35028/s/3edf6341/sc/38/rc/3/rc.img"" border=""0""/></a><br/><br/><a href=""http://da.feedsportal.com/r/206158231238/u/0/f/647410/c/35028/s/3edf6341/sc/38/a2.htm""><img src=""http://da.feedsportal.com/r/206158231238/u/0/f/647410/c/35028/s/3edf6341/sc/38/a2.img"" border=""0""/></a><img width=""1"" height=""1"" src=""http://pi.feedsportal.com/r/206158231238/u/0/f/647410/c/35028/s/3edf6341/sc/38/a2t.img"" border=""0""/><img src=""http://feeds.feedburner.com/~r/Slashdot/slashdot/~4/BBHhJL1LC4c"" height=""1"" width=""1""/>"
Securing U.S. Borders Threatens Iconic Species (Discover Magazine),http://news.feedzilla.com/en_us/stories/science/399052408?client_source=api&format=json,"Already endangered, Southwestern species struggle to survive in a landscape
remade by fences, roads and border patrols.

"
Security Collapse In the HTTPS Market,http://rss.slashdot.org/~r/Slashdot/slashdot/~3/MGdD7B7kufI/story01.htm,"CowboyRobot writes: HTTPS has evolved into the de facto standard for secure Web browsing. Through the certificate-based authentication protocol, Web services and Internet users first authenticate one another (""shake hands"") using a TLS/SSL certificate, encrypt Web communications end-to-end, and show a padlock in the browser to signal that a communication is secure. In recent years, HTTPS has become an essential technology to protect social, political, and economic activities online. At the same time, widely reported security incidents (such as DigiNotar's breach, Apple's #gotofail, and OpenSSL's Heartbleed) have exposed systemic security vulnerabilities of HTTPS to a global audience. The Edward Snowden revelations (notably around operation BULLRUN, MUSCULAR, and the lesser-known FLYING PIG program to query certificate metadata on a dragnet scale) have driven the point home that HTTPS is both a major target of government hacking and eavesdropping, as well as an effective measure against dragnet content surveillance when Internet traffic traverses global networks. HTTPS, in short, is an absolutely critical but fundamentally flawed cybersecurity technology.<p><div class=""share_submission"" style=""position:relative;""> <a class=""slashpop"" href=""http://twitter.com/home?status=Security+Collapse+In+the+HTTPS+Market%3A+http%3A%2F%2Fbit.ly%2F1utB8BV""><img src=""http://a.fsdn.com/sd/twitter_icon_large.png""></a> <a class=""slashpop"" href=""http://www.facebook.com/sharer.php?u=http%3A%2F%2Fit.slashdot.org%2Fstory%2F14%2F09%2F26%2F1612253%2Fsecurity-collapse-in-the-https-market%3Futm_source%3Dslashdot%26utm_medium%3Dfacebook""><img src=""http://a.fsdn.com/sd/facebook_icon_large.png""></a> <a class=""nobg"" href=""http://plus.google.com/share?url=http://it.slashdot.org/story/14/09/26/1612253/security-collapse-in-the-https-market?utm_source=slashdot&amp;utm_medium=googleplus"" onclick=""javascript:window.open(this.href,'', 'menubar=no,toolbar=no,resizable=yes,scrollbars=yes,height=600,width=600');return false;""><img src=""http://www.gstatic.com/images/icons/gplus-16.png"" alt=""Share on Google+""/></a> </div></p><p><a href=""http://it.slashdot.org/story/14/09/26/1612253/security-collapse-in-the-https-market?utm_source=rss1.0moreanon&amp;utm_medium=feed"">Read more of this story</a> at Slashdot.</p><iframe src=""http://slashdot.org/slashdot-it.pl?op=discuss&amp;id=5759951&amp;smallembed=1"" style=""height: 300px; width: 100%; border: none;""></iframe><img width='1' height='1' src='http://slashdot.feedsportal.com/c/35028/f/647410/s/3edd7558/sc/4/mf.gif' border='0'/><br clear='all'/><br/><br/><a href=""http://da.feedsportal.com/r/208965308303/u/0/f/647410/c/35028/s/3edd7558/sc/4/rc/1/rc.htm"" rel=""nofollow""><img src=""http://da.feedsportal.com/r/208965308303/u/0/f/647410/c/35028/s/3edd7558/sc/4/rc/1/rc.img"" border=""0""/></a><br/><a href=""http://da.feedsportal.com/r/208965308303/u/0/f/647410/c/35028/s/3edd7558/sc/4/rc/2/rc.htm"" rel=""nofollow""><img src=""http://da.feedsportal.com/r/208965308303/u/0/f/647410/c/35028/s/3edd7558/sc/4/rc/2/rc.img"" border=""0""/></a><br/><a href=""http://da.feedsportal.com/r/208965308303/u/0/f/647410/c/35028/s/3edd7558/sc/4/rc/3/rc.htm"" rel=""nofollow""><img src=""http://da.feedsportal.com/r/208965308303/u/0/f/647410/c/35028/s/3edd7558/sc/4/rc/3/rc.img"" border=""0""/></a><br/><br/><a href=""http://da.feedsportal.com/r/208965308303/u/0/f/647410/c/35028/s/3edd7558/sc/4/a2.htm""><img src=""http://da.feedsportal.com/r/208965308303/u/0/f/647410/c/35028/s/3edd7558/sc/4/a2.img"" border=""0""/></a><img width=""1"" height=""1"" src=""http://pi.feedsportal.com/r/208965308303/u/0/f/647410/c/35028/s/3edd7558/sc/4/a2t.img"" border=""0""/><img src=""http://feeds.feedburner.com/~r/Slashdot/slashdot/~4/MGdD7B7kufI"" height=""1"" width=""1""/>"
SpaceX breaks ground on Texas orbital launch facility (reuters),http://news.feedzilla.com/en_us/stories/science/398990340?client_source=api&format=json,"SAN ANTONIO (Reuters) - Privately owned SpaceX started construction in south
Texas on Monday for what the company said will be the first private commercial
orbital launch facility in the world.

"
Study: Narwhal Tusk Size Correlates With Testicle Size and Fertility (TIME),http://news.feedzilla.com/en_us/stories/science/399025028?client_source=api&format=json,"Is that a giant tooth on your head or are you just happy to see me?

"
The Great Lightbulb Conspiracy,http://rss.slashdot.org/~r/Slashdot/slashdot/~3/2IwfL1Db05Q/story01.htm,"HughPickens.com writes: Markus Krajewski reports that today, with many countries phasing out incandescent lighting in favor of more-efficient and pricier LEDs, it's worth revisiting the history of the Phoebus cartel &mdash; not simply as a quirky anecdote from the annals of technology, but as a cautionary tale about the strange and unexpected pitfalls that can arise when a new technology vanquishes an old one. Prior to the Phoebus cartel's formation in 1924, household light bulbs typically burned for a total of 1,500 to 2,500 hours; cartel members agreed to shorten that life span to a standard 1,000 hours. Each factory regularly sent lightbulb samples to the cartel's central laboratory in Switzerland for verification. If any factory submitted bulbs lasting longer or shorter than the regulated life span for its type, the factory was obliged to pay a fine. Though long gone, the Phoebus cartel still casts a shadow today because it reduced competition in the light bulb industry for almost twenty years, and has been accused of preventing technological advances that would have produced longer-lasting light bulbs. Will history repeat itself as the lighting industry is now going through its most tumultuous period of technological change since the invention of the incandescent bulb? ""Consumers are expected to pay more money for bulbs that are up to 10 times as efficient and that are touted to last a fantastically long time&mdash;up to 50,000 hours in the case of LED lights. In normal usage, these lamps will last so long that their owners will probably sell the house they're in before having to change the bulbs,"" writes Krajewski. ""Whether or not these pricier bulbs will actually last that long is still an open question, and not one that the average consumer is likely to investigate."" There are already reports of CFLs and LED lamps burning out long before their rated lifetimes are reached. ""Such incidents may well have resulted from nothing more sinister than careless manufacturing. But there is no denying that these far more technologically sophisticated products offer tempting opportunities for the inclusion of purposefully engineered life-shortening defects.""""<p><div class=""share_submission"" style=""position:relative;""> <a class=""slashpop"" href=""http://twitter.com/home?status=The+Great+Lightbulb+Conspiracy%3A+http%3A%2F%2Fbit.ly%2FYiPbw7""><img src=""http://a.fsdn.com/sd/twitter_icon_large.png""></a> <a class=""slashpop"" href=""http://www.facebook.com/sharer.php?u=http%3A%2F%2Ftech.slashdot.org%2Fstory%2F14%2F09%2F26%2F1231257%2Fthe-great-lightbulb-conspiracy%3Futm_source%3Dslashdot%26utm_medium%3Dfacebook""><img src=""http://a.fsdn.com/sd/facebook_icon_large.png""></a> <a class=""nobg"" href=""http://plus.google.com/share?url=http://tech.slashdot.org/story/14/09/26/1231257/the-great-lightbulb-conspiracy?utm_source=slashdot&amp;utm_medium=googleplus"" onclick=""javascript:window.open(this.href,'', 'menubar=no,toolbar=no,resizable=yes,scrollbars=yes,height=600,width=600');return false;""><img src=""http://www.gstatic.com/images/icons/gplus-16.png"" alt=""Share on Google+""/></a> </div></p><p><a href=""http://tech.slashdot.org/story/14/09/26/1231257/the-great-lightbulb-conspiracy?utm_source=rss1.0moreanon&amp;utm_medium=feed"">Read more of this story</a> at Slashdot.</p><iframe src=""http://slashdot.org/slashdot-it.pl?op=discuss&amp;id=5759253&amp;smallembed=1"" style=""height: 300px; width: 100%; border: none;""></iframe><img width='1' height='1' src='http://slashdot.feedsportal.com/c/35028/f/647410/s/3edc0fba/sc/36/mf.gif' border='0'/><br clear='all'/><br/><br/><a href=""http://da.feedsportal.com/r/206158218900/u/0/f/647410/c/35028/s/3edc0fba/sc/36/rc/1/rc.htm"" rel=""nofollow""><img src=""http://da.feedsportal.com/r/206158218900/u/0/f/647410/c/35028/s/3edc0fba/sc/36/rc/1/rc.img"" border=""0""/></a><br/><a href=""http://da.feedsportal.com/r/206158218900/u/0/f/647410/c/35028/s/3edc0fba/sc/36/rc/2/rc.htm"" rel=""nofollow""><img src=""http://da.feedsportal.com/r/206158218900/u/0/f/647410/c/35028/s/3edc0fba/sc/36/rc/2/rc.img"" border=""0""/></a><br/><a href=""http://da.feedsportal.com/r/206158218900/u/0/f/647410/c/35028/s/3edc0fba/sc/36/rc/3/rc.htm"" rel=""nofollow""><img src=""http://da.feedsportal.com/r/206158218900/u/0/f/647410/c/35028/s/3edc0fba/sc/36/rc/3/rc.img"" border=""0""/></a><br/><br/><a href=""http://da.feedsportal.com/r/206158218900/u/0/f/647410/c/35028/s/3edc0fba/sc/36/a2.htm""><img src=""http://da.feedsportal.com/r/206158218900/u/0/f/647410/c/35028/s/3edc0fba/sc/36/a2.img"" border=""0""/></a><img width=""1"" height=""1"" src=""http://pi.feedsportal.com/r/206158218900/u/0/f/647410/c/35028/s/3edc0fba/sc/36/a2t.img"" border=""0""/><img src=""http://feeds.feedburner.com/~r/Slashdot/slashdot/~4/2IwfL1Db05Q"" height=""1"" width=""1""/>"
The New Science of Human Origins (Scientific American),http://news.feedzilla.com/en_us/stories/science/398820472?client_source=api&format=json,"Awash in fresh insights, scientists have had to revise virtually every chapter
of the human story


-- Read more on ScientificAmerican.com

"
The Secret Goldman Sachs Tapes,http://rss.slashdot.org/~r/Slashdot/slashdot/~3/3rwpYLfTYQY/story01.htm,"An anonymous reader writes: The radio program ""This American Life"" has published an extraordinary investigative report on how the U.S. government regulators in charge of keeping an eye on the banks actually interact with powerful financial institutions (podcast here). Financial journalist Michael Lewis describes the report thus: ""The Fed failed to regulate the banks because it did not encourage its employees to ask questions, to speak their minds or to point out problems. Just the opposite: The Fed encourages its employees to keep their heads down, to obey their managers and to appease the banks. That is, bank regulators failed to do their jobs properly not because they lacked the tools but because they were discouraged from using them. The report quotes Fed employees saying things like, 'until I know what my boss thinks I don't want to tell you,' and 'no one feels individually accountable for financial crisis mistakes because management is through consensus.'""<p><div class=""share_submission"" style=""position:relative;""> <a class=""slashpop"" href=""http://twitter.com/home?status=The+Secret+Goldman+Sachs+Tapes%3A+http%3A%2F%2Fbit.ly%2F1uNoc6d""><img src=""http://a.fsdn.com/sd/twitter_icon_large.png""></a> <a class=""slashpop"" href=""http://www.facebook.com/sharer.php?u=http%3A%2F%2Fnews.slashdot.org%2Fstory%2F14%2F09%2F26%2F196235%2Fthe-secret-goldman-sachs-tapes%3Futm_source%3Dslashdot%26utm_medium%3Dfacebook""><img src=""http://a.fsdn.com/sd/facebook_icon_large.png""></a> <a class=""nobg"" href=""http://plus.google.com/share?url=http://news.slashdot.org/story/14/09/26/196235/the-secret-goldman-sachs-tapes?utm_source=slashdot&amp;utm_medium=googleplus"" onclick=""javascript:window.open(this.href,'', 'menubar=no,toolbar=no,resizable=yes,scrollbars=yes,height=600,width=600');return false;""><img src=""http://www.gstatic.com/images/icons/gplus-16.png"" alt=""Share on Google+""/></a> </div></p><p><a href=""http://news.slashdot.org/story/14/09/26/196235/the-secret-goldman-sachs-tapes?utm_source=rss1.0moreanon&amp;utm_medium=feed"">Read more of this story</a> at Slashdot.</p><iframe src=""http://slashdot.org/slashdot-it.pl?op=discuss&amp;id=5760387&amp;smallembed=1"" style=""height: 300px; width: 100%; border: none;""></iframe><img width='1' height='1' src='http://slashdot.feedsportal.com/c/35028/f/647410/s/3ede70e3/sc/1/mf.gif' border='0'/><br clear='all'/><br/><br/><a href=""http://da.feedsportal.com/r/208961314223/u/0/f/647410/c/35028/s/3ede70e3/sc/1/rc/1/rc.htm"" rel=""nofollow""><img src=""http://da.feedsportal.com/r/208961314223/u/0/f/647410/c/35028/s/3ede70e3/sc/1/rc/1/rc.img"" border=""0""/></a><br/><a href=""http://da.feedsportal.com/r/208961314223/u/0/f/647410/c/35028/s/3ede70e3/sc/1/rc/2/rc.htm"" rel=""nofollow""><img src=""http://da.feedsportal.com/r/208961314223/u/0/f/647410/c/35028/s/3ede70e3/sc/1/rc/2/rc.img"" border=""0""/></a><br/><a href=""http://da.feedsportal.com/r/208961314223/u/0/f/647410/c/35028/s/3ede70e3/sc/1/rc/3/rc.htm"" rel=""nofollow""><img src=""http://da.feedsportal.com/r/208961314223/u/0/f/647410/c/35028/s/3ede70e3/sc/1/rc/3/rc.img"" border=""0""/></a><br/><br/><a href=""http://da.feedsportal.com/r/208961314223/u/0/f/647410/c/35028/s/3ede70e3/sc/1/a2.htm""><img src=""http://da.feedsportal.com/r/208961314223/u/0/f/647410/c/35028/s/3ede70e3/sc/1/a2.img"" border=""0""/></a><img width=""1"" height=""1"" src=""http://pi.feedsportal.com/r/208961314223/u/0/f/647410/c/35028/s/3ede70e3/sc/1/a2t.img"" border=""0""/><img src=""http://feeds.feedburner.com/~r/Slashdot/slashdot/~4/3rwpYLfTYQY"" height=""1"" width=""1""/>"
This Robot Can Plug In a USB But I Still Can't (Discover Magazine),http://news.feedzilla.com/en_us/stories/science/398928010?client_source=api&format=json,"Why is it that every time I try to insert a USB plug it's backward? Shouldn't
it be right at least half the time by dumb luck? Whatever my problem is, a
dextrous new robot doesn't have it. The robot's advantage is that its
fingertips don't just feel—they see, too. Researchers at Northeastern
University and (where else?) MIT created the plug-savvy bot. They started with
an existing factory-worker robot called Baxter and gave it a pair of pinching
fingers. Then on one finger, they added a shr

"
Underwater Landslide May Have Doubled 2011 Japanese Tsunami,http://rss.slashdot.org/~r/Slashdot/slashdot/~3/S2v0uYIu4zg/story01.htm,"sciencehabit writes An underwater landslide the size of the Paris may have triggered the worst of the tsunami that struck Japan on 11 March 2011, a new study claims. In the new study, researchers worked back from details of the ocean surface motion recorded by gauges along the Japanese shore on the day of the earthquake. Much as sound waves can help the ear pinpoint the source of a gunshot and whether a small pistol or a large cannon fired it, tsunami waves carry the imprint of the ocean floor disturbance that created them. The team concludes that during the earthquake a slab of sediment 20 km by 40 km and up to 2 km thick slid about 300 meters down the steep slope of Japan Trench, 'acting like a piston.'<p><div class=""share_submission"" style=""position:relative;""> <a class=""slashpop"" href=""http://twitter.com/home?status=Underwater+Landslide+May+Have+Doubled+2011+Japanese+Tsunami%3A+http%3A%2F%2Fbit.ly%2F1yuGa3u""><img src=""http://a.fsdn.com/sd/twitter_icon_large.png""></a> <a class=""slashpop"" href=""http://www.facebook.com/sharer.php?u=http%3A%2F%2Fscience.slashdot.org%2Fstory%2F14%2F09%2F27%2F0225233%2Funderwater-landslide-may-have-doubled-2011-japanese-tsunami%3Futm_source%3Dslashdot%26utm_medium%3Dfacebook""><img src=""http://a.fsdn.com/sd/facebook_icon_large.png""></a> <a class=""nobg"" href=""http://plus.google.com/share?url=http://science.slashdot.org/story/14/09/27/0225233/underwater-landslide-may-have-doubled-2011-japanese-tsunami?utm_source=slashdot&amp;utm_medium=googleplus"" onclick=""javascript:window.open(this.href,'', 'menubar=no,toolbar=no,resizable=yes,scrollbars=yes,height=600,width=600');return false;""><img src=""http://www.gstatic.com/images/icons/gplus-16.png"" alt=""Share on Google+""/></a> </div></p><p><a href=""http://science.slashdot.org/story/14/09/27/0225233/underwater-landslide-may-have-doubled-2011-japanese-tsunami?utm_source=rss1.0moreanon&amp;utm_medium=feed"">Read more of this story</a> at Slashdot.</p><iframe src=""http://slashdot.org/slashdot-it.pl?op=discuss&amp;id=5761273&amp;smallembed=1"" style=""height: 300px; width: 100%; border: none;""></iframe><img width='1' height='1' src='http://slashdot.feedsportal.com/c/35028/f/647410/s/3ee16eac/sc/24/mf.gif' border='0'/><br clear='all'/><br/><br/><a href=""http://da.feedsportal.com/r/208965225665/u/0/f/647410/c/35028/s/3ee16eac/sc/24/rc/1/rc.htm"" rel=""nofollow""><img src=""http://da.feedsportal.com/r/208965225665/u/0/f/647410/c/35028/s/3ee16eac/sc/24/rc/1/rc.img"" border=""0""/></a><br/><a href=""http://da.feedsportal.com/r/208965225665/u/0/f/647410/c/35028/s/3ee16eac/sc/24/rc/2/rc.htm"" rel=""nofollow""><img src=""http://da.feedsportal.com/r/208965225665/u/0/f/647410/c/35028/s/3ee16eac/sc/24/rc/2/rc.img"" border=""0""/></a><br/><a href=""http://da.feedsportal.com/r/208965225665/u/0/f/647410/c/35028/s/3ee16eac/sc/24/rc/3/rc.htm"" rel=""nofollow""><img src=""http://da.feedsportal.com/r/208965225665/u/0/f/647410/c/35028/s/3ee16eac/sc/24/rc/3/rc.img"" border=""0""/></a><br/><br/><a href=""http://da.feedsportal.com/r/208965225665/u/0/f/647410/c/35028/s/3ee16eac/sc/24/a2.htm""><img src=""http://da.feedsportal.com/r/208965225665/u/0/f/647410/c/35028/s/3ee16eac/sc/24/a2.img"" border=""0""/></a><img width=""1"" height=""1"" src=""http://pi.feedsportal.com/r/208965225665/u/0/f/647410/c/35028/s/3ee16eac/sc/24/a2t.img"" border=""0""/><img src=""http://feeds.feedburner.com/~r/Slashdot/slashdot/~4/S2v0uYIu4zg"" height=""1"" width=""1""/>"
Utilities Should Worry; Rooftop Solar Could Soon Cut Their Profit,http://rss.slashdot.org/~r/Slashdot/slashdot/~3/GscclJX9UEQ/story01.htm,"Lucas123 writes A study by the Lawrence Berkeley National Laboratory predicts that distributed rooftop solar panel installations will grow from 0.2% market penetration today to 10% by 2022, during which time they're likely to cut utility profits from 8% to 41%. Using those same metrics, electricity rates for utility customers will grow only by as much as 2.7% over the next eight years. By comparison, the cost of electricity on average rose 3.1% from 2013 to 2014. The study was performed for the Office of Energy Efficiency and Renewable Energy under the U.S. Department of Energy. One of the main purposes of the study was to evaluate measures that could be pursued by utilities and regulators to reduce the financial impacts of distributed photovoltaics.<p><div class=""share_submission"" style=""position:relative;""> <a class=""slashpop"" href=""http://twitter.com/home?status=Utilities+Should+Worry%3B+Rooftop+Solar+Could+Soon+Cut+Their+Profit%3A+http%3A%2F%2Fbit.ly%2F1xqcJ1e""><img src=""http://a.fsdn.com/sd/twitter_icon_large.png""></a> <a class=""slashpop"" href=""http://www.facebook.com/sharer.php?u=http%3A%2F%2Ftech.slashdot.org%2Fstory%2F14%2F09%2F27%2F0339210%2Futilities-should-worry-rooftop-solar-could-soon-cut-their-profit%3Futm_source%3Dslashdot%26utm_medium%3Dfacebook""><img src=""http://a.fsdn.com/sd/facebook_icon_large.png""></a> <a class=""nobg"" href=""http://plus.google.com/share?url=http://tech.slashdot.org/story/14/09/27/0339210/utilities-should-worry-rooftop-solar-could-soon-cut-their-profit?utm_source=slashdot&amp;utm_medium=googleplus"" onclick=""javascript:window.open(this.href,'', 'menubar=no,toolbar=no,resizable=yes,scrollbars=yes,height=600,width=600');return false;""><img src=""http://www.gstatic.com/images/icons/gplus-16.png"" alt=""Share on Google+""/></a> </div></p><p><a href=""http://tech.slashdot.org/story/14/09/27/0339210/utilities-should-worry-rooftop-solar-could-soon-cut-their-profit?utm_source=rss1.0moreanon&amp;utm_medium=feed"">Read more of this story</a> at Slashdot.</p><iframe src=""http://slashdot.org/slashdot-it.pl?op=discuss&amp;id=5761431&amp;smallembed=1"" style=""height: 300px; width: 100%; border: none;""></iframe><img width='1' height='1' src='http://slashdot.feedsportal.com/c/35028/f/647410/s/3ee1f8f6/sc/36/mf.gif' border='0'/><br clear='all'/><br/><br/><a href=""http://da.feedsportal.com/r/208965227968/u/0/f/647410/c/35028/s/3ee1f8f6/sc/36/rc/1/rc.htm"" rel=""nofollow""><img src=""http://da.feedsportal.com/r/208965227968/u/0/f/647410/c/35028/s/3ee1f8f6/sc/36/rc/1/rc.img"" border=""0""/></a><br/><a href=""http://da.feedsportal.com/r/208965227968/u/0/f/647410/c/35028/s/3ee1f8f6/sc/36/rc/2/rc.htm"" rel=""nofollow""><img src=""http://da.feedsportal.com/r/208965227968/u/0/f/647410/c/35028/s/3ee1f8f6/sc/36/rc/2/rc.img"" border=""0""/></a><br/><a href=""http://da.feedsportal.com/r/208965227968/u/0/f/647410/c/35028/s/3ee1f8f6/sc/36/rc/3/rc.htm"" rel=""nofollow""><img src=""http://da.feedsportal.com/r/208965227968/u/0/f/647410/c/35028/s/3ee1f8f6/sc/36/rc/3/rc.img"" border=""0""/></a><br/><br/><a href=""http://da.feedsportal.com/r/208965227968/u/0/f/647410/c/35028/s/3ee1f8f6/sc/36/a2.htm""><img src=""http://da.feedsportal.com/r/208965227968/u/0/f/647410/c/35028/s/3ee1f8f6/sc/36/a2.img"" border=""0""/></a><img width=""1"" height=""1"" src=""http://pi.feedsportal.com/r/208965227968/u/0/f/647410/c/35028/s/3ee1f8f6/sc/36/a2t.img"" border=""0""/><img src=""http://feeds.feedburner.com/~r/Slashdot/slashdot/~4/GscclJX9UEQ"" height=""1"" width=""1""/>"
